0.21673163462454267,0.23637547493869293,0.3021591457658124,0.04949305298675713,0.25447047862331706,0.16603716926705403,0.2906723926000129,0.3251801499670165,0.053736500828839795,0.41153677334364114,0.3647500586156353,0.39358572316340856,0.4020828407276541,0.25269064914803696,0.2827736259903224,0.4189837767393152,0.3537765377780663,0.04053781967330991,0.3615488187407433,0.16362112850611615,0.18885760454260947,0.3305560255651873,0.1445930821570801,0.4223556658256106,0.046624867805799025,0.19647442619168815,0.16761076308248327,0.4154203406670884,0.37026190505121725,0.0716725371989135,0.1560278444233772,0.13159180514173444,0.23756239284861394,0.11123926720245925,0.2822771500283733,0.14052851364326274,0.30570377865589904,0.21184290475823983,0.33354205966829165,0.10142326975207328,0.12358424205387089,0.045932384036910995,0.049643142575431676,0.40285829577356147,0.1398738503076213,0.18747329184848532,0.41597343382393914,0.37940386139559423,0.09241526572654302,0.2251146705692716,0.11534716957191182,0.14670363256010474,0.27532362687847123,0.19900602639336007,0.1731918666807015,0.10337355700459211,0.21197700773064734,0.2534601276053123,0.2599483991483693,0.24904001696011807,0.17490497838033053,0.250247784103258,0.13226805866324212,0.35544828367003745,0.18624492585201133,0.2752687089578557,0.10736140051937244,0.04954344748245601,0.3775709759985767,0.2298984638486072,0.1403339319142027,0.10606520925381704,0.4295477851526228,0.38779036681566875,0.19775140625286808,0.37075344190394954,0.06109500163077955,0.3963104260137051,0.048698038738087285,0.06933919812803407,0.13527559029511635,0.30328004344031667,0.40305405048888576,0.30963044456279565,0.12793609614312146,0.17808425596565186,0.0387459558913158,0.1403059090504371,0.11045147931348025,0.04433795906038576,0.39012256641481796,0.3753276539147725,0.15158377848419732,0.20834636731090195,0.3488804739462365,0.202592015122311,0.37121763716822354,0.40087470416537363,0.3741613766063028,0.26550745901751766,0.23854310055077008,0.4046290066324142,0.3567444737182459,0.22672007565089264,0.24029344089856014,0.04214538246020594,0.1471941996315188,0.07801736607099297,0.17223265416349173,0.07921931953518346,0.10845589432606599,0.2131283785726043,0.2916067558264265,0.19320005441670915,0.1623290318472676,0.33573797051832055,0.1420320184879041,0.42089937227719043,0.13257855163750884,0.10423039008437895,0.27883104051163876,0.22934105276090858,0.2857380748796243,0.09329923772600665,0.3608830470483934,0.38008971557102833,0.28905586528317695,0.30271214637747934,0.03993998742127794,0.10243948350319665,0.2433851915360205,0.20131453480134193,0.2758986049806914,0.3102949848857823,0.36410875972801304,0.1310275327776169,0.4137758287342972,0.35378525097040237,0.39668160747052605,0.21908138292042378,0.3014537016000791,0.15567935295116947,0.396763841363987,0.415711128380531,0.40176133137009584,0.12205293349212332,0.23891804352252552,0.10156794430331434,0.2594635111900672,0.29819172937938954,0.4266249343271366,0.38253961476438814,0.04841366990311238,0.08240545797507218,0.23957358556531846,0.17879333710631223,0.11975465792529005,0.1176765403524023,0.1531579581218239
0.25650992269941536,0.0934001020091981,0.31484723020773236,0.16941903413585105,0.20593644308246126,0.16892239112687008,0.24346783820001988,0.19337497801815884,0.1696771094091861,0.28276556250830337,0.26264176027343356,0.4118582924781801,0.258735760331917,0.24533878539077303,0.2045116084461091,0.32514002596011543,0.33327185669535314,0.13428231253076559,0.311612437062876,0.2161746580261317,0.1612691655645627,0.3152164813631331,0.18658374293237542,0.3208137391568426,0.0865815777433834,0.21165432848092094,0.2292957563585338,0.33931568010687035,0.38406335551316234,0.08669137775471608,0.07952695941936215,0.0771849123708094,0.14241402031543898,0.13474258566289127,0.2898386275441244,0.17299261932964413,0.26205291689236937,0.2095002806241752,0.23152229835401392,0.09191469559258261,0.08619850635091508,0.1655712268431921,0.10981456093584435,0.3468102760862002,0.13016069851502743,0.21958053057389365,0.3396610863143936,0.28168077434235483,0.2269143780098165,0.2727202576790473,0.18299849103739438,0.10386032016192492,0.25884389856515033,0.13578368936335114,0.22093171772754447,0.16756341476494002,0.22115258531322246,0.23654667002984875,0.2312722607431813,0.31402004897163677,0.16697812482936003,0.23633080328778514,0.1237824059568427,0.3764536023428139,0.2635382102193563,0.30223302271146424,0.12547877360814555,0.15184608314631587,0.2726108655076293,0.20566525118504136,0.2221750715601258,0.17216495550397673,0.3510888505957744,0.2958782636889,0.2189639848328866,0.3002749332212028,0.16460008781230837,0.357756928082592,0.08955291529504467,0.2039037780001236,0.08514203816852503,0.321172588113741,0.23678940320111186,0.24324261562464372,0.12620761707347597,0.14338445348958273,0.013040963563502407,0.155826397886437,0.14665773183310638,0.12739108084448866,0.3274202081722889,0.3371365997663755,0.17614475379374048,0.21196581820720964,0.3455995325857931,0.21130076415377985,0.32533790822323727,0.3219984437525686,0.3113631100316437,0.2669573735008107,0.1879052068406168,0.2914626753228523,0.25416957066324875,0.17176011515409306,0.23193405290910044,0.1442099695883386,0.12912724391595956,0.1569534115049161,0.1899997782511801,0.17608074446223065,0.1850102461739335,0.22874439961875598,0.2219533899279606,0.178575312762033,0.15776662465625277,0.26599783897027135,0.17357668962033493,0.28754017842348834,0.13369687914208758,0.18251578065046792,0.2135294321450859,0.1834251106147377,0.27163490768948756,0.22360852226962707,0.28883659028425934,0.3645744736475054,0.2435120929513062,0.23685219104365646,0.11100921474830314,0.12026509548785602,0.29074884492937547,0.23559229269523876,0.27035389540511157,0.2685796801032811,0.35605419840091745,0.21211005182846532,0.29175487256197336,0.33511091711419144,0.40036076677611043,0.22276338997927916,0.29401521805652536,0.18326549626237718,0.347411843512875,0.2949879902120234,0.34458598934257095,0.21358140507576037,0.20953624181317046,0.1398512499873064,0.28768387363115877,0.299689302727983,0.30843554428980263,0.28483366336490823,0.1319393458958382,0.1684966700666364,0.20240833745820766,0.15929076786524124,0.16378003779564165,0.13808701405772164,0.13293377300122977
0.2760592905987662,0.03183417077259591,0.2914624317657433,0.21491416282707507,0.1846873375153614,0.1456923564356728,0.23178184551340728,0.10720026653905929,0.209585053950268,0.22711075901947414,0.22008328641637637,0.40077026873882027,0.19249471782037086,0.255785343351627,0.1821037256633018,0.20711508706438359,0.27900469912650167,0.125842333325234,0.2799797459021934,0.2360751625576184,0.11336029342612958,0.2958279438239067,0.2143104040314991,0.25651699235628356,0.12360576695540408,0.22010871258467646,0.24947610020346994,0.2926013292751446,0.37863203197698314,0.11493078759774951,0.03889525805058281,0.04267796059040824,0.08493259513682898,0.1279031699575003,0.2679842253423804,0.17339935699416004,0.24207138881351137,0.18736250686758854,0.1693737332791198,0.12317330256200434,0.048900792516764144,0.22037517046094857,0.13633191313233908,0.32729494772817447,0.1400243239917936,0.22916003415581498,0.28794717486078547,0.21150387945267515,0.2743178621173533,0.25630961934988966,0.2344615581153598,0.07050031674263019,0.25832000272071654,0.1346965441012769,0.25639863670153185,0.19034054745132137,0.23874697401113595,0.2412053852705661,0.21086373112263931,0.33972634134137575,0.16921620177606608,0.2561556358627468,0.1471882619278327,0.372926857335862,0.30199164217501284,0.3040977132460239,0.13671877501076948,0.19496734158523776,0.210428594146364,0.20784988212761166,0.22663180125038204,0.20145993163076864,0.31882001598885,0.2254579678752247,0.22468375295523763,0.28114040035958704,0.2097293771998959,0.3304362692967188,0.10000469551657926,0.25795176437560513,0.05275165556456858,0.32345347594254875,0.1187053025349693,0.20238735787349582,0.10758835867261769,0.11277887768204083,0.004734308392356199,0.14543650362224836,0.18306868639644097,0.16106140480322775,0.2752098119956338,0.3070719258321509,0.1765095962821886,0.2063168629970478,0.3080829396398801,0.23603827450072365,0.2846834270231372,0.29523448653147955,0.2934990975725061,0.2721592549459634,0.17698581095832447,0.2333826207926062,0.22092040814180527,0.17870204048600602,0.23101436635549105,0.19026587698475247,0.1513212221597925,0.1852859643604794,0.20932852168757082,0.20870417846798373,0.22969326641455434,0.2295465038976432,0.20396675600842723,0.19559662992801718,0.15378831650559488,0.2187297804502304,0.18122514038505044,0.2190859747573662,0.1461156082357169,0.2037215732289187,0.19438465336661181,0.15826045081153026,0.24630232371782043,0.2553898051514857,0.24863095806858768,0.34375227973427813,0.23326662824868669,0.2229161038776695,0.13760987143209436,0.14303798875060106,0.30830536226205746,0.25236735212891515,0.26675772355192945,0.25560704442189347,0.3544443609288157,0.25970571589749547,0.2352602187728934,0.31928522099779605,0.3743993999274125,0.2226119341792473,0.2788282392540289,0.194797764147417,0.3211585530624973,0.2606012502264352,0.2987747796222811,0.25072834486289836,0.2143658668540297,0.17274637021165085,0.2949919594499271,0.2942452162812753,0.2456598878211835,0.2177089049616113,0.18594288684699692,0.19604187025039993,0.17999737240222202,0.16955108015822845,0.1926889067173564,0.1774984525315762,0.13139922006230637
0.27612731970529475,0.00987699153934372,0.2563841052499387,0.22732477031130113,0.17407767629534193,0.10774644356424332,0.23070642207660835,0.0592447832142934,0.2284262769282251,0.21273609983779831,0.20495585119373957,0.34607803450895147,0.14496216645463342,0.25760100420542464,0.18103209441079268,0.10996456339343984,0.20425211108144914,0.08981002904052879,0.2688592775561111,0.23719284326762513,0.06874304672267009,0.27025144467674667,0.22050647447733795,0.22564622204985132,0.15000733578149114,0.23023188061925595,0.24565571875777298,0.26189235585909626,0.36429415175780067,0.14351695147129265,0.017713933672252144,0.01928507447806966,0.05175735311358562,0.10420609226038022,0.24530335576684117,0.13779679782464116,0.2168643228061352,0.16067023339130065,0.14044892819552174,0.1538227282832506,0.024350715604176475,0.23854767564812462,0.15233370382304243,0.3223692702060015,0.1597641853164966,0.2238265701569479,0.2525796573564897,0.1709742424518046,0.28538939323461615,0.2165131048296941,0.27029328170527467,0.04851368279756778,0.2539357991076462,0.15038144158471553,0.2769751551870893,0.19596840048569097,0.25246959310217343,0.24854964339397828,0.19989409635697625,0.33635223153598715,0.17971383836395702,0.2670076028491613,0.17580205859661854,0.36402439384578195,0.3167476180001367,0.29899231752770455,0.14963772582361995,0.21414133893842863,0.17999760965711104,0.19888803688088666,0.20345979618519144,0.2084590881681101,0.29803832143821574,0.1874291133095117,0.21669243901788388,0.2741958542678875,0.23442925103288098,0.304564504701141,0.09357644078665638,0.2824328036137926,0.03071202972396262,0.29868003838465684,0.05090912781535731,0.16530305359109057,0.08211381584479024,0.0845930122606874,0.0018625409090774901,0.12456147180128418,0.21044845025894846,0.1877053349917097,0.23448923247510042,0.28208881944902153,0.17618074314774493,0.2014906557047876,0.26812474264400016,0.2537384340282598,0.25337853313307274,0.29009797497798706,0.2902532752959368,0.2784585752231188,0.17886238866834636,0.20783333672955162,0.2111944680103936,0.1994641279790373,0.2324282032005454,0.20844467373343445,0.1734754269701307,0.200034092545361,0.22221962269795512,0.2135569174731243,0.252182006352284,0.2229357070731167,0.2008372493982954,0.22056980105022564,0.15987500175521932,0.1947044627877805,0.18286627963081992,0.1860141567184281,0.16496454413782669,0.21086345534834536,0.19360708347979014,0.15196527736594606,0.2255343262954473,0.261487243856074,0.23299579689592922,0.3243214200519802,0.2351238186712874,0.22159994874248432,0.14981281707102514,0.16872624831967295,0.30771700713079964,0.2633962187966597,0.2694540436544993,0.2465960307399025,0.3504816352129986,0.2866620318445408,0.21554930255399848,0.30568255963978663,0.3354179668174685,0.2230842286519546,0.2690903042554117,0.2046539822220729,0.301876924306144,0.24994515638462253,0.27082527247938903,0.2676454992677088,0.22572489401640086,0.1985831757537388,0.28611345912941405,0.27717581921068296,0.22630516703487918,0.18200903512028696,0.22181138233361333,0.20466581947742107,0.17564630013395305,0.18046749263003914,0.21412651996454957,0.21502023701526224,0.14120449917077235
0.2641501296686136,0.003145855901548296,0.2126802496926457,0.22607576330769674,0.16854282226175896,0.06690122236155359,0.2306989536241927,0.032627074929554516,0.2348138133104731,0.21253505712234896,0.1994655724260318,0.2600374629242328,0.10197667595674283,0.24483113280834076,0.1869339759697001,0.051630539342118704,0.1337032729915384,0.056638912863840596,0.26764115038393516,0.2249836630185398,0.037181586396243076,0.24626595367486726,0.20059055721680913,0.2156597354681864,0.16602641554235212,0.23764281433808424,0.23312987293011905,0.23610315175906163,0.344641191798567,0.1671040563485775,0.007186593102923361,0.00803207847536834,0.030434353640479025,0.07863912201144424,0.2278315666841504,0.09185505831272583,0.19330988064151286,0.13046020418665316,0.12063616266853314,0.17629895693684916,0.012065052218573508,0.2400479132260935,0.16510543644586576,0.31736833235394135,0.17846666791615975,0.20845201108263633,0.23050912498727497,0.1402840301415905,0.27851599474227173,0.17644234835370742,0.29372604139638503,0.03151187112564276,0.24402981716219405,0.17182053579790008,0.2861424235357157,0.19586222791112018,0.2609387627977299,0.25490666816782404,0.1966696105619569,0.31509204431133164,0.19275446297526513,0.2597549443011454,0.19977335943980284,0.35383101303871645,0.3149400436479905,0.2911108071992127,0.15943928283364375,0.22307574180317255,0.17171941291159912,0.17563183437935725,0.17811719591127023,0.20697105691617784,0.27940275225676686,0.1771464465065932,0.19754386602081725,0.27072073622534454,0.2495964958943301,0.27919403745561183,0.08067324659316218,0.2888674789849971,0.01698342334066761,0.24789525727560438,0.019932118109585728,0.12657481289448566,0.056588883718160315,0.05844596563847773,0.0007884050925501128,0.10022411500787035,0.2300873129737596,0.20984389892536734,0.20722309106936065,0.26544213344943907,0.17887705685614858,0.19874326718311686,0.24091909654525884,0.26177441228620785,0.23107552534070405,0.2921470013523176,0.2902453559859814,0.28035341739652886,0.18329345666440272,0.20180929031839598,0.20972777363601794,0.21939733291983787,0.23480757821806875,0.21537519769625885,0.1909523715578812,0.2100749665879106,0.23123916052959,0.21019584940572805,0.26163823945048365,0.21429681175644608,0.20153798319650962,0.24406144342855235,0.1727069357391203,0.18671933853130557,0.1837567952202826,0.17253750111520705,0.18530777866419507,0.21457411639414636,0.2007525783309328,0.1584730736822475,0.21387598615676678,0.262322115465376,0.23305341262896243,0.30675083503422435,0.242092086055389,0.22442340711875913,0.15984688854121618,0.19358765759150112,0.30065454016385673,0.2709574470624125,0.27481942243179025,0.24097198010403095,0.340220230512266,0.3011488589647235,0.21128448038993647,0.29544217595546474,0.297502122336089,0.22486648520221067,0.26459914752378855,0.21464435957255454,0.2874318227699267,0.24947664849119483,0.25500575630479877,0.2744135655705523,0.2366687224714565,0.21510947018888907,0.27259501712372675,0.25267762509308483,0.21481336364490014,0.17430202002454587,0.2409672608517474,0.20657639657555513,0.18038425956260973,0.18909153308606863,0.22966656601603191,0.24595162524723563,0.15707558997045748
0.24872138029370058,0.0009619847476047521,0.16466158182004254,0.22058781098161104,0.16098620561075488,0.03662117219894658,0.228926571518455,0.018266508083193578,0.23343772897334097,0.21381319078521413,0.19668892968646887,0.16790750435922647,0.06561254319534987,0.21621472252787394,0.19547823596226432,0.02258174528336686,0.08056207743727156,0.033481460428078244,0.26903453405887795,0.19265264201597895,0.01862159449908976,0.2273570914245282,0.16531273734198765,0.21287121147961677,0.17074696296931138,0.23856519784684588,0.22071185922429717,0.21075537064124486,0.3237035095750821,0.17871191765118802,0.0026990636103144177,0.0035630462008511424,0.016760231429353747,0.056646761147339,0.21690639392552294,0.056550313911249143,0.17999506552995362,0.10219321440706336,0.09898301392419691,0.19294994019648679,0.006286411863516797,0.23038876153205418,0.17268504337190396,0.31064231225896377,0.1898994420727192,0.1826787890758668,0.21965372455142976,0.11325005246722816,0.26380472710755365,0.14312247293937788,0.3042188578049012,0.0188893340182115,0.22495910171225658,0.194116523533519,0.2901768996165703,0.19438954622816548,0.2660714573452317,0.25947405865885753,0.19473491310053098,0.2818701999840263,0.20365334496477527,0.24174958151241113,0.21730782562612605,0.33949605853084064,0.29561653702343327,0.2818407132083542,0.1607943680444447,0.22724161045322167,0.17628081466594886,0.1441332045721075,0.1554396320932617,0.20485682544540737,0.2630449127185285,0.1826925731715296,0.16922570405944715,0.2694280300572094,0.25916040290604214,0.25949557909622356,0.06585209040480973,0.28395623911868845,0.00896078662506284,0.18094453322757972,0.007473963556665559,0.0882405006133877,0.036683689046890545,0.037685148191485995,0.00035353426216647166,0.0754336040902678,0.2434204217058585,0.22870329634554334,0.1918146951573178,0.2597505693327169,0.18588109932982827,0.19879070177144606,0.22669198713401023,0.2628694822860586,0.2176259698064781,0.2956356687806368,0.290082600528185,0.279998814147128,0.1874669633703056,0.2060020612414656,0.21181178269356796,0.23539699502901568,0.23761787772213117,0.2207891773263751,0.20458618671748477,0.21748914091689778,0.2403209047194423,0.205323936487994,0.2646377098240821,0.20711576523043945,0.2032255439710171,0.26265044440575813,0.18773503606902617,0.18704102663688654,0.18491466472202955,0.17113900223822762,0.20580015347666555,0.21908377200522514,0.21228245295929354,0.17193943506314757,0.2104628550073465,0.26392158024844403,0.24131281742943594,0.2850318468093774,0.24753010535426248,0.2292136818293243,0.17177223113806298,0.21107287014006612,0.2939389646157398,0.2765031137224147,0.28028594945656826,0.23573327906081873,0.3195859908089604,0.3081986152914502,0.20889543176086334,0.2905700199993086,0.26896975881442686,0.2277410036430724,0.26393239569235566,0.2242441720480159,0.27749410821041237,0.2502652670553119,0.24437305272085502,0.2758112693767658,0.24540843597458684,0.2174674003315636,0.2574172150303102,0.22949561395501605,0.1968782121513805,0.177968361880249,0.2453813683547473,0.20684751938283902,0.18922439284072634,0.19585871615318723,0.2396916947466672,0.2686030603523287,0.1747946877035609
0.23430904609872358,0.00030491949214957187,0.11840612944579294,0.2087250864872907,0.15622039341653568,0.018319881035985718,0.22696774643310452,0.01011448918083387,0.2232724896978275,0.2137068259072147,0.19533953773016066,0.09490657774539112,0.04020838628323213,0.17848153611809647,0.2009527445149248,0.0094853669216341,0.046000117393677965,0.01925392667328046,0.26759576635013427,0.148452409124567,0.008861126282477037,0.21341494898458108,0.12280655234524664,0.21143519469019556,0.16293958510621415,0.228229409640722,0.2155328766735203,0.17951272120943607,0.3026960961152551,0.17942380611082465,0.0009700524175547028,0.0016287861616255703,0.008778109187800184,0.03771331041732645,0.21021580241101867,0.03317539007817712,0.17073892583995978,0.0742188715644317,0.07673781397218699,0.20049059892417614,0.0034439283262399493,0.21369807767003873,0.18084264909959918,0.29434978226138186,0.19601221532270072,0.1464084163338647,0.2107209313394528,0.09022194886137294,0.24695085393677005,0.11295015625977937,0.30814504471455045,0.01080528341042001,0.1997956804687116,0.208536230479428,0.28803163365206624,0.19440345310642618,0.2656160231611557,0.26191368890747735,0.19592469019458353,0.25001447792023906,0.20489039201080161,0.22120861006737824,0.23069148651738608,0.32285414988385214,0.2692033415685826,0.2711144421083885,0.14750832481624065,0.22588996779864268,0.1874094120468723,0.11141383439937169,0.13390827555312265,0.2061057203161338,0.25025417025386304,0.18793170170184126,0.13555232596787883,0.26917216098124586,0.26425331222770415,0.24444677368904388,0.051342604948945866,0.27190683205446514,0.004609377939782885,0.11754501965539182,0.002744831055662036,0.054948876373762,0.02305804973492287,0.022827401362848467,0.00015819468508399822,0.05214997806946238,0.2523915154615722,0.24170708075711328,0.18527865437101457,0.25942985894770104,0.19680577879137812,0.2020613258447599,0.21814623140981912,0.2571940616593444,0.20602235252355594,0.2946491720824778,0.2855099558456516,0.2751016595046831,0.19134839701103187,0.21485359917821498,0.21565511985219973,0.24720895817423197,0.2406907291966655,0.22706077020818138,0.21460656862714128,0.22383927057817335,0.24579706790269434,0.20116057765889314,0.26535038875742645,0.2040802815589289,0.20493482944375524,0.2747228679591688,0.2027017403160286,0.19138858418200796,0.186510330037631,0.1763186181865062,0.22233918995664215,0.22461106563745403,0.22104232762936796,0.18743519631954803,0.2127571885402894,0.26658267875947117,0.25092908912255407,0.27345950677146963,0.25533267079340466,0.23496918106006542,0.18415939474848814,0.23019630476652994,0.2880697089794508,0.280468199476235,0.2829647110290538,0.23679258385300786,0.30108277504464875,0.3058280459687709,0.21425717328394792,0.28534904845065545,0.2495657771739379,0.23134748804409377,0.2644943541929837,0.2328322399489678,0.2713137538688052,0.24932895754097864,0.23947349971537696,0.27496234535317665,0.2518098262212345,0.20296817749397067,0.24289938042135406,0.20913389203531668,0.17374590390519973,0.18092679660915856,0.24633738128365004,0.2074903035505838,0.19859847099367714,0.20176773083716898,0.2473073634715131,0.2856656511377468,0.19158504122196787
0.2197827664682847,9.475229829733402e-05,0.07943657523295089,0.19227380212017547,0.16163961536947827,0.00854451800985879,0.22029217665482725,0.005453774040494888,0.2051675928273778,0.20976083149062508,0.19558515107304209,0.04728765316127852,0.0238882795609267,0.13472151077919495,0.20112427682094464,0.003906565210393873,0.025435756607092946,0.010833208451175974,0.26311585413862193,0.10247595600099438,0.004074594012045783,0.20183341296203078,0.08356690759102275,0.2025148842757561,0.1433073298408185,0.20669562390271823,0.20989131310056994,0.14345525483119537,0.284644230021698,0.16825199975089652,0.0003526788756001024,0.0007589957356080947,0.004396009983588754,0.0236248882765806,0.20648621027418132,0.019426091095473108,0.1611196247579053,0.050763413470502367,0.05574568946651919,0.20012392902166082,0.0019711759136279874,0.1934016735670333,0.19056691053658478,0.2693843198585455,0.1929129086099085,0.1066015952651675,0.20203723055976008,0.06989395648675359,0.23105038723570895,0.08616894458003238,0.3045650689341678,0.0059821915024597236,0.16962019770028286,0.2117532131854162,0.28389818198066613,0.19686600333735446,0.2647852819374043,0.26168338188731816,0.19785279768366718,0.22912603582674546,0.19510815928399053,0.19846971828683913,0.23859552490048097,0.3068597713350781,0.2519931451029586,0.2609574421750013,0.1228964286100178,0.22052751520878044,0.19816152039013457,0.07994734339052466,0.11354515781999643,0.20763378198841195,0.24004818207402315,0.1871408243072308,0.1006909097759961,0.26989102878806825,0.2651287095164521,0.23180621847394062,0.03878815406771753,0.2579086018663136,0.0024223571294023404,0.07209082290922085,0.0010391985176245585,0.031023402802957043,0.014193855801030546,0.013424463833753265,6.731869814271128e-05,0.0324754760901335,0.2564755306838682,0.2508174479334678,0.18444723303066637,0.25698695628516466,0.20966901748721925,0.20831185783281425,0.21291612707921334,0.24776099543555175,0.1976233979384669,0.28936741822640777,0.2764742808756785,0.2654832263513921,0.1951311942188071,0.22410554915720315,0.2203142220197617,0.25551066690819957,0.2438301764832596,0.23435907259562555,0.22208445021422563,0.2296975195904198,0.2510845344608373,0.19849526447821994,0.26443402168049535,0.2057703023507515,0.20658930139222137,0.2829096855169356,0.21633593982906166,0.19732063932402766,0.18860483163258981,0.18445401192341723,0.2359128307506192,0.23045155119390612,0.22918378971066652,0.20220046483461848,0.21735015292731305,0.2693217443572924,0.26098458757635884,0.26648123414248515,0.25916900566929874,0.24038952943068106,0.19586891364456557,0.24660059667172257,0.28251857745028996,0.28283163890577423,0.28365532469209204,0.2402623658837785,0.28344611806368863,0.29847721593498255,0.2202477592810679,0.28061314560456474,0.23937979211045668,0.23529668240571694,0.2655178808128839,0.24013689676504452,0.26750470128286985,0.24755052929041388,0.23414398502482153,0.27372953228699104,0.25629458875204375,0.1729540600171834,0.231736164808236,0.19260732955423598,0.14667622726244237,0.18076094085520228,0.24086739077238128,0.2089485756400373,0.20702632443883084,0.20727348244594473,0.25306807042295404,0.29529694503447856,0.20857272037860708
0.20784873855317362,2.789186902231277e-05,0.050620623312622355,0.17195318083469366,0.1696052222956712,0.0038346704623865267,0.20718265101421854,0.00289627112333401,0.1802949016555282,0.2015195117163677,0.19770506303055185,0.02131578599209305,0.013809507666647722,0.09315649489463901,0.19622549496647854,0.0016014461197082575,0.013800475092304695,0.0059892767219669185,0.2558976965329239,0.0641817748888671,0.0018382461368630803,0.19083942406922227,0.05255134050806401,0.18118864339374083,0.11714273342058372,0.17550988546134344,0.1990220226052256,0.10687260844280463,0.2693565605118434,0.14814653431865635,0.00013432381029533587,0.000358894670349412,0.0021524040948652,0.014310334274163396,0.2039336647728492,0.011547733404034281,0.1469194651825686,0.03338847192049149,0.03818541853310683,0.19339464164861098,0.001146747880203913,0.16610349344810538,0.1956611339085453,0.2450128903766312,0.180348323510227,0.07135979672991478,0.19555917747763094,0.05264951118635264,0.2164984050516195,0.0627927848579349,0.295843035020257,0.003235039091462252,0.13307519749413443,0.2107915121007316,0.2792250672875849,0.20167781604546173,0.26420037397873897,0.2593741345206848,0.19322234796947113,0.2141978056882109,0.17603536486259136,0.17460334115885512,0.2406745739309155,0.2889387140469696,0.23961533858859593,0.251917045314649,0.09470352740691143,0.2101185942965605,0.20603225633747105,0.05334500191461764,0.09341657458948914,0.20765145145597652,0.23209678050431273,0.18295769990573457,0.06987645024133893,0.27118214231491516,0.2625784522650908,0.22264381901219554,0.028281795651186842,0.2445670552959067,0.0012865810253327413,0.04239226468715631,0.0004133724524668824,0.01649364778420068,0.008597649435937698,0.007768980946469795,2.7547680638044094e-05,0.01860510882897567,0.2562864031545782,0.25662981897715353,0.18689182679452562,0.253547791893293,0.22143157572876193,0.21592684352824434,0.20797728477641939,0.23655205751822844,0.19369672109460884,0.28077784491322116,0.26620539480223854,0.2539054578107264,0.19897580731125092,0.23257350404545743,0.22577873316187164,0.26072335933954083,0.24684830748826578,0.24066693933152214,0.22791123174768596,0.2349783985635592,0.25688166695842757,0.19760609912647342,0.26195931010194756,0.2103984615355997,0.20880585698778767,0.28717020320949016,0.22803421329372245,0.20358981110376503,0.19119133184882448,0.19344469598231362,0.24639372448002264,0.2366303031590728,0.2369478267585114,0.21585046824101564,0.22317109760142773,0.2709839662261251,0.26980968128696897,0.2612593523353072,0.2585506458925449,0.24462349349594703,0.20631779345527979,0.2586301952786008,0.27651839856310223,0.2842035991035236,0.2831661445799345,0.24461483343593246,0.26852182625343324,0.2884221834778276,0.22610416410093812,0.27691698845092066,0.23519248881896543,0.23946099259061296,0.2660653491413222,0.2462315806106349,0.2651522170141013,0.2432037615917063,0.22566100424637253,0.2729496338548954,0.259317480706979,0.13269478366192783,0.2216077412377817,0.17823184367497913,0.11844247492441354,0.1733759101379073,0.2317400353976894,0.21137220153767497,0.21417393969378357,0.21258070633136955,0.25707583351994306,0.29850016666208,0.2240818330969397
0.20005843849482582,7.800644496686322e-06,0.03118119825201752,0.14916091841777576,0.1758771047142025,0.0016903185810689535,0.18667938409902934,0.0015381443042361794,0.15021752147278974,0.18886297895876084,0.2016362800106994,0.009285490148209424,0.007735507821564076,0.059862280632921386,0.18557188048611611,0.000658218916489,0.007409256307742629,0.0032679838516136597,0.24629651106089448,0.03748420804310813,0.0008202800754082115,0.17810149989058177,0.030643811500797282,0.14806158309634895,0.08931793424995595,0.13854756039988225,0.1794934267492439,0.07443998184617405,0.2550339707374516,0.12456022597501276,5.4198837496753885e-05,0.00016391372624568613,0.0010699184118104184,0.008346193389477653,0.20015583833633777,0.006618464908239986,0.12570610826218231,0.021518101366747398,0.025232062015934673,0.17970927044252602,0.0006556270879383541,0.13267509486877618,0.1944230915572896,0.2252894730051346,0.1603234047239993,0.0446553549673189,0.1893193105860998,0.03877392775574005,0.20253752858956703,0.04405893717654839,0.28419744914166545,0.0017362776226249143,0.09583704760479095,0.20862996631571668,0.2740828917739037,0.20798540154911777,0.2636009473096747,0.2558081792219681,0.17962216994523217,0.20283887104289927,0.1490061700911273,0.1510905488473517,0.23649841829456114,0.26948451808190527,0.22914919666983363,0.24377347032918853,0.06781254830061531,0.1945591440452013,0.21121682383626508,0.03382945603558966,0.07369919371250293,0.20508694642705824,0.22555207867394503,0.17492987283373013,0.04597576685231209,0.2722871978711265,0.25769936139924543,0.21603284191970518,0.019638730387525685,0.23288820667774157,0.000683246707944053,0.02401158700647567,0.00017110041190145024,0.00839227903870353,0.005139897999324064,0.0044439944462564785,1.08935969241562e-05,0.010094849092205718,0.2530295779472631,0.2593118822511969,0.19102895790857782,0.24987627424173456,0.22981615127214855,0.22299646197112616,0.2010100576045635,0.2244763039680549,0.19289549154563423,0.26994361272623013,0.2562753861132756,0.24246850740550133,0.20298303896963107,0.23995263363740976,0.23168361349026148,0.26318577843256935,0.25000373449309227,0.2450291106276208,0.23239765788853928,0.23934184752805043,0.2623864731292737,0.19853020671555227,0.2583779325533252,0.21658000160147992,0.2117373207676274,0.28724851666940215,0.2375446984720691,0.2095668874711398,0.19422472743541327,0.20219170176800294,0.2542939293811951,0.2428829555911281,0.24364077128058373,0.2277514545712137,0.22942205758104484,0.27083507338513546,0.27609574911896423,0.2579547719827681,0.2543080798207998,0.24745209796880374,0.2152982467067835,0.2665878135582438,0.26950252714848477,0.2845411137375187,0.28152174603024455,0.24932265586544464,0.25777282713641864,0.27774389220161894,0.2318276731034088,0.2743507335718348,0.23469490049375535,0.24344402170170948,0.26541344817951257,0.25114162381986405,0.2637424669420102,0.23598839407368938,0.21298652345393052,0.2722567687083206,0.26146968228196366,0.09177631165673122,0.2093543288953492,0.1628275282212123,0.09166865767203539,0.15847326324894956,0.22107094534739796,0.21495616268863008,0.2201025734062683,0.21800903368174662,0.25969268086958697,0.29652074726223315,0.2372944630549988
0.19594594046871588,2.1547902539605762e-06,0.018759384868685308,0.12548624292451055,0.1790173126538287,0.0007388303485334917,0.1593864447243057,0.000812941352741117,0.11769063186080221,0.1719517479498313,0.20691773967516564,0.003999945655677156,0.004239946878045512,0.036559934023885854,0.16854588215689267,0.0002709158049460426,0.0039566640645266144,0.001771187515921783,0.23482219614654296,0.020939378528546344,0.0003641965533158788,0.16205603702932822,0.016927682142051127,0.1101670073344393,0.06386171574919136,0.10155899969190715,0.15040445401245595,0.04911034799308041,0.23986068097880214,0.09884157861044408,2.2553783403412022e-05,7.264638601050615e-05,0.0005437924716660405,0.0047284112325468,0.1930824200715685,0.003677842613892585,0.10093269390447544,0.013649738571355695,0.016155461766703325,0.15894924604462626,0.00036694991886700824,0.09821384055033977,0.18650806127110436,0.20998704516462235,0.13537572018442698,0.02652247833971351,0.17958227521436745,0.027758598785462312,0.18786981143317164,0.030017251925431965,0.2704813878286887,0.0009245797380097442,0.06413840355969382,0.20497551848489634,0.2690510668864648,0.21477232708486446,0.26312995213568546,0.2513726784126166,0.15727074262393023,0.19353714498907992,0.11762131388871114,0.1278272024115336,0.22647300115639243,0.250290111634393,0.2205807113363985,0.23603148886530767,0.04545479226599082,0.17517200424860738,0.21384330234158855,0.020639370451291564,0.05606345996656905,0.19930225277888522,0.21887310797638887,0.1625867575523604,0.029151246186168715,0.2724606940618364,0.25167212188635546,0.20991756543018994,0.013105173874810331,0.22317242850528127,0.0003631233024417076,0.013272829293263143,7.282807902028832e-05,0.004128684725888259,0.0030424038453990467,0.002515278515201361,4.173215493465309e-06,0.00528130116088911,0.247777638247573,0.25915176339874957,0.1959177547358939,0.24539793540090798,0.23354609072704727,0.22851363715311926,0.19068301693369746,0.21174178336867788,0.19322420002234258,0.2579935777214448,0.2471581243791142,0.23248368137333517,0.207190928922953,0.24564220240763765,0.2377848662997104,0.2633277748531575,0.25338689637019735,0.24723625955924247,0.23594528269423917,0.24269832450409765,0.26709166971942955,0.2011042435649864,0.2541481434821717,0.22331187416354095,0.21545753317573807,0.28346181533092785,0.2448173972167571,0.21515914362248956,0.19764545504166436,0.2101780139771667,0.26000548015302827,0.24865852858862467,0.2491738769498238,0.23767586498602156,0.23549924405273787,0.26873028834634627,0.27937571933144156,0.25588895603241635,0.24685202472470416,0.24878595516968283,0.22280636421552674,0.2708820992743584,0.26143848670806646,0.28389637961722475,0.2787614505773393,0.25341021324046187,0.25092946537955513,0.2684305135766551,0.23655313468972536,0.27288803564360486,0.23662721542994294,0.24714267396742245,0.2631615116091755,0.255014498074699,0.26264751695405136,0.22631903068387593,0.19475236095496934,0.27133306371533583,0.26300427602032694,0.058211846308280094,0.19182182741225362,0.14410929704383613,0.06811978167411506,0.13772631914482994,0.20852826278444117,0.2193545406895684,0.2249551797528938,0.22318504968225525,0.26125510492502113,0.2908749984461448,0.24785900328478871
0.19447224184622855,6.045572228978466e-07,0.01104944573762883,0.10247869137391569,0.1774442208161653,0.00032182366731435194,0.12790504067424266,0.00042312990273824706,0.08651157814380935,0.15176024648837177,0.21288732887489653,0.0017157301934257628,0.0022985396753816153,0.0217529317922482,0.146102571899804,0.00011130178122559668,0.0021076987711060634,0.0009536121158079549,0.2220339937589809,0.01138091763601788,0.00016113606646731224,0.14202681234116799,0.009021198032345292,0.07527536630628481,0.043201144462532995,0.06941478476931492,0.11569538308507538,0.031345305427377956,0.22188529959700004,0.07373157842889522,9.425893200970544e-06,3.151219547573088e-05,0.000280890807597896,0.0026204878134093055,0.18122971120492298,0.0019908657366460754,0.07635026340355855,0.008485849311880145,0.010077134192073949,0.13353902817474506,0.0002020676871810261,0.06808709613475043,0.17130017952791188,0.19791335181962014,0.10870500585347823,0.01516797925475168,0.1641942642312151,0.01923843035026859,0.17075188698512006,0.01998107492832768,0.2547921491737354,0.00048880234432829,0.040452104025829654,0.19956215547675418,0.2635053241106305,0.22110539571081209,0.2628583030530205,0.2462580667661301,0.1282002306858171,0.18365529496469019,0.08667336165852892,0.10507456199371476,0.2109474468205979,0.23248278143612647,0.21359609585411693,0.2280876029577752,0.028892964861941678,0.15322595700648883,0.21395873346867755,0.012269463918897154,0.04128337883080882,0.18967962192038393,0.21073024208612132,0.14647488221887994,0.018041561482396704,0.27125053325594,0.24533367296621905,0.20219214578420996,0.008476316763324847,0.21468754662002748,0.00019514473512598684,0.007329439630422057,3.1771865421852715e-05,0.0019763920996824767,0.0017866698040057505,0.0014146009200952294,1.5504245647369146e-06,0.002687118450431416,0.2417500675785462,0.25655388581974364,0.20103327398331405,0.2400318459229585,0.23194729710100995,0.23163156287041162,0.1765489874404043,0.19783000727438033,0.19319840485888062,0.24573563054088632,0.2392979444732462,0.22450049961322047,0.2115698015146091,0.2492701308704412,0.24370110437198672,0.26160543048479246,0.2565307163251441,0.2465526785182717,0.23879361766659024,0.24498722003852266,0.27050127956232134,0.20498872933641182,0.2494575699005918,0.22994307773798234,0.21980109008170673,0.27621523149748534,0.2499332379217593,0.22029146019878693,0.20138676037566966,0.2172084154236881,0.2632193445544172,0.2534868536642738,0.2535929130153119,0.24577340959517133,0.24106565478151742,0.26481658980220396,0.279466823743276,0.25490957583066653,0.2366084265014567,0.24873127789083888,0.22894155086784368,0.2725279007073842,0.25197681028465696,0.2827148998654818,0.27531422074938067,0.25646233099404625,0.24733421139922276,0.2609893579812802,0.23989246331018438,0.2715827515138144,0.23915785801325243,0.25067189375311105,0.25965108008873344,0.25800257673368104,0.26141818579421466,0.213555326117944,0.1706215692172044,0.2702776762308616,0.26407510755142244,0.03447145402832685,0.1666099200808891,0.12209630458532314,0.048888965089953405,0.1126424888781807,0.19248445873023454,0.22419109592675793,0.22893692775338711,0.2277735894685457,0.26213027188807264,0.2834327821295922,0.25578968605547486
0.19384680101195895,2.8667042405504927e-07,0.006385818805811627,0.08121414722088348,0.17008785069455926,0.00014019902279324464,0.09600052937271858,0.00021688312796130802,0.06000849056021372,0.12975568422101472,0.21882731435209848,0.000732237592122986,0.001241357438727648,0.012813095409926154,0.12010223077043997,4.4472241832730494e-05,0.0011217961975669905,0.0005086284022046784,0.20786712778558877,0.006079111181445308,7.023992037029597e-05,0.11865199168113168,0.004694286118832628,0.047955095280867256,0.027926556093026057,0.04478323973972101,0.08172295894125811,0.01959546943900474,0.1997003113579209,0.051971264536470385,5.682292793075625e-06,1.3459358983516374e-05,0.00014713883154942757,0.0014263222033949747,0.1641983249623219,0.0010528596859610553,0.05473276407914167,0.00514650974029872,0.006153222319861226,0.10664215921068002,0.00010973643484753566,0.04479457022037813,0.14966318349008154,0.1868867564083973,0.08343483001403315,0.008460629394561704,0.14251909332931512,0.01292564482176763,0.15023752509145807,0.013015413690053075,0.23635116189319522,0.0002568700881658698,0.024470650623654267,0.19170338893903693,0.25691641392744635,0.22616549336413685,0.2627242022969317,0.24044528458665693,0.09699384040740833,0.1711079507540959,0.060093087368857025,0.08367966651624548,0.19071954913133835,0.2167177341046927,0.20778245250327096,0.21913318506288051,0.017623891291826038,0.12998051801405489,0.211553688688664,0.007197326282640651,0.029507754171759052,0.17598418136403127,0.20014292711720563,0.12737142331291573,0.010978839606917782,0.26847835139169973,0.23931908163432397,0.19095200783469787,0.00534045256637905,0.2062459879638107,0.00010635226531802536,0.004078673447955806,1.413881919833055e-05,0.0009243498412399478,0.0010422127994826782,0.0007930301868527155,5.608073435097692e-07,0.0013407432055636732,0.235762011797398,0.25234905273035,0.2060954850861926,0.23387013531338394,0.2246788402380498,0.23166653817269,0.15878855332217742,0.18163929294945566,0.1909310061181849,0.23377429877253378,0.23255579560209239,0.21843193593611118,0.21602415563606264,0.25075839229051516,0.24902970405561733,0.25842567563141905,0.25917128582150784,0.24263602008346352,0.24101870857510999,0.24619711952905457,0.2722311935992119,0.20972840108002216,0.2443553894526599,0.2360880201529949,0.22450578709896463,0.265620078385292,0.25304715159530167,0.22489999886123377,0.2053706777005515,0.2232440258663487,0.264130882520972,0.2570376844692326,0.25700281051482704,0.2521020089771536,0.24595530087215403,0.2593238088479767,0.2762271540514304,0.2546774523674921,0.22338775980778477,0.2475162420249108,0.23382366633163,0.2723536178117861,0.24103423765055035,0.2811275502616526,0.27126326531186856,0.25808075325460766,0.24593347998130574,0.2555326984221773,0.24134798712291944,0.26993716840717774,0.2411874173779152,0.2539628282897394,0.255137255866149,0.2602485876797795,0.2598076064202286,0.19682831961597105,0.14161812824178371,0.2690061888438728,0.2647844663248985,0.01941471808079858,0.13490336080279003,0.09840430890648301,0.034122618932805326,0.08631192578350906,0.17080470843400003,0.2291345962856408,0.23221640833071946,0.231579914782763,0.26260726849535443,0.2756483409134213,0.26133904514343365
0.1920950921641578,1.6281253707900512e-07,0.0036287908554246016,0.062285063209976,0.15692557031111665,6.0194329124360415e-05,0.0673786512538556,0.00010934001415587545,0.039661833491236025,0.10746798986286171,0.2240352425344504,0.00031148934392983093,0.0006690211828466763,0.007497425622375437,0.09346265878973227,1.7573102523662268e-05,0.0005971765460672496,0.0002682499673487373,0.19178541769319385,0.0032118173921252147,2.8570331644458158e-05,0.09394800493643839,0.00240067154470031,0.02896734831419554,0.017414047196662393,0.027685768757212702,0.05350027187845795,0.01205674802333469,0.17283633592847752,0.034979600906588255,5.682292793075625e-06,6.4689970121709744e-06,7.85359404172686e-05,0.0007636592418016655,0.14261754953442982,0.0005427896492367399,0.037436780648550126,0.00303889803344427,0.0036916746717403776,0.08122123450853753,5.869069499372458e-05,0.0283601313160338,0.1239216378743968,0.17440416428903596,0.061750720398471556,0.004645435203123263,0.11604344913894543,0.008451737686499919,0.1268685843457894,0.008274537638996979,0.21386353128184324,0.00013458564135005298,0.014438036551767034,0.18034533720780857,0.24889072602205212,0.22923599591938407,0.2625725749895981,0.23365196691987702,0.06862367693574203,0.154512753667608,0.03962375404318577,0.06477132756044249,0.16734525934433372,0.2026634101609088,0.20254995714769702,0.2082116602671952,0.010394179913192594,0.10683931614106806,0.20635849680972718,0.004228506106198609,0.02050670875621795,0.15829881606470209,0.18649733888325726,0.10619621093926132,0.006587100337979365,0.26414500590504286,0.23390912981789733,0.1749794687427986,0.0032808422762622487,0.1962723684913491,5.880053825778229e-05,0.0022925530376544,7.0865591136997435e-06,0.0004211618981145948,0.0006044074761427449,0.00044387784243812584,2.782643690925042e-07,0.0006598183720042802,0.2302352227585,0.247325047171,0.21095585933999372,0.22697493424689658,0.21185198385677878,0.228075275966356,0.13809820731666644,0.1621580592714682,0.1847757399010234,0.22206510519685146,0.22660350921667327,0.21351176593592278,0.22040416547292774,0.25032383517203477,0.25343141277289655,0.2541297444840421,0.2611595360564719,0.23525198407519146,0.2426212865993217,0.2463868168924649,0.27207628129090844,0.2148145618516176,0.23883411640965294,0.24153767210482574,0.2293021013900261,0.2513626813309493,0.25434882958039495,0.22893940153111939,0.2095019048167563,0.22831034470300357,0.2632241668852371,0.25912081517572716,0.25953912460707074,0.2567620522111126,0.25011093278953334,0.25243370039505386,0.2694517751330229,0.25473359129075596,0.20642273936447672,0.24542246865626183,0.23755695759314274,0.2710413312346864,0.22878015703749746,0.2791386639115051,0.26649738375398346,0.2579156264700098,0.24569391720062317,0.25180854761011534,0.240349672486639,0.26767173665223204,0.24197754612336544,0.2568947303326619,0.2497595853612811,0.2618753385622935,0.2576618566120313,0.17560184809861418,0.11023290765230334,0.26739253977637994,0.265161637024639,0.010616597803469659,0.10138836675176048,0.07529402803209716,0.02329135594675589,0.0624855547080619,0.14284977644688707,0.2338932979853634,0.2348972540203366,0.23450703554850996,0.26284595503885055,0.268517408283583,0.26485787110249537
0.18734008317838166,9.333573998156595e-08,0.0020346094268685957,0.04621202709426576,0.13932304607358564,2.464420287716044e-05,0.044556464901892155,5.434123250588519e-05,0.02526681237054458,0.08623405050524449,0.22784160971521683,0.00013205651686803678,0.0003594060037892341,0.004365428054115431,0.06892397631595663,6.926041836966926e-06,0.0003183519743570337,0.0001397463385082092,0.17298766397352372,0.001684930913982564,1.161863099263589e-05,0.07055224793463528,0.001211219219551303,0.0168477234952022,0.010580879075276207,0.016648116609010846,0.03301575274921035,0.0072772862699664615,0.14234087664026207,0.0227301247617631,5.682292793075625e-06,3.70913082885117e-06,4.2524502018432556e-05,0.0004025412674391917,0.11824693403128339,0.0002730436551518287,0.024632671179892634,0.001753261554487164,0.002182473282150322,0.059071856247592716,3.0895797234418396e-05,0.01744366825432345,0.09740131118609163,0.15829598078902588,0.0444942165002919,0.0025291879410457817,0.08835987953166301,0.005359737128768386,0.10201880200033758,0.005136809136204273,0.1867170238808215,6.992238256875818e-05,0.008471523133322076,0.16464597795270214,0.2391905948596425,0.22967462942899045,0.26213831141735955,0.2253656068141967,0.04631950178379479,0.13429821323422148,0.025171233696274907,0.04885494673735855,0.14253135140524206,0.18918812387915585,0.19776803972364618,0.1946444712483966,0.005984082877113036,0.08515491743715778,0.197873644688099,0.002519426728478085,0.013883594093652281,0.1373035527445127,0.16966024931844628,0.08443365302453393,0.003895222124579571,0.2583221607920334,0.22906304037272981,0.15394748028420988,0.001969386898697275,0.18318515740340502,3.2691399004553955e-05,0.0012791072677033873,4.896109350978257e-06,0.00019038316096579898,0.00034854380955598376,0.0002481590717826322,2.782643690925042e-07,0.0003234140716145428,0.22523176229697664,0.24202577240784137,0.21552827995201773,0.21889328018858553,0.19404215020033608,0.22047580025645708,0.11598166868552066,0.1394212621262671,0.17343786715225884,0.20980894657676785,0.22112989336845668,0.2084237981075686,0.22452245898389384,0.24843133771493747,0.2566170732910182,0.24897698655501344,0.26243870796285773,0.22378939862117686,0.24352319611244683,0.245637042617981,0.2699377728040136,0.21972846335434573,0.2327888642993949,0.24619915585603602,0.23392375026162532,0.2327008587786817,0.25403854780174245,0.23233934179732987,0.21366505260028493,0.23244969000244797,0.2611300871287791,0.25971318355278455,0.2612677172845287,0.2599067150341202,0.2535382937795575,0.24402553870412624,0.25870705124410787,0.2545370423658638,0.18498747492881476,0.24273096437121042,0.24021799380151257,0.26912828326934995,0.21486196410286396,0.27668383474109426,0.26078944930667036,0.2555760378719871,0.2457098338199332,0.24936825223230508,0.2363816468171996,0.26462450508837754,0.2409926183640653,0.25934154828832323,0.2434715056688042,0.26297304949601497,0.2548575962231466,0.14927872052460292,0.08027065065971066,0.2652998943084187,0.2651815957103791,0.005686820383248263,0.07090618127626816,0.054868047878223275,0.015607867754103003,0.04302165264351694,0.11134483086256186,0.23829437253942534,0.23702628290434127,0.23663209163439947,0.26288643286290186,0.2625497093274963,0.2667356858656119
0.17804289389047473,6.183413524706188e-08,0.0011294596283483622,0.033149120135700365,0.11908814370594961,1.0096004938099911e-05,0.028048475589690522,2.6706412419798092e-05,0.015674785049094305,0.0671064623989898,0.22959767286729535,5.48327731925218e-05,0.00019166504526904553,0.0025144733509416574,0.048885311092000006,4.3437061587818446e-06,0.0001701618019418371,7.192543968126046e-05,0.15089205282172455,0.0008799465114469094,4.724051336485896e-06,0.05047278509418743,0.0006039823324301077,0.009540780336357005,0.00630623966791175,0.009850988609542866,0.0194588288452114,0.00436425201598529,0.11085415086806999,0.014382332554235192,5.682292793075625e-06,3.70913082885117e-06,2.3263183224343637e-05,0.00020842439287868992,0.09343234431272718,0.00013400787566074618,0.01571295965068115,0.0009942934623040824,0.0012744041153815706,0.040795796989228986,1.6065208581615175e-05,0.010518674832127484,0.07224507336466622,0.13829332131645264,0.03152270097964801,0.0013699805614516597,0.06358169852416858,0.003309605184008178,0.07811603421769081,0.0031107101751851832,0.15537824574905965,3.5456996122154144e-05,0.004834350482575273,0.14466419407329514,0.2279317709644524,0.22689072779851166,0.26096702431215013,0.2149371959993014,0.030541790391453032,0.11189927374147296,0.015601717446943705,0.03592757221485088,0.11789671725524961,0.17474745093842908,0.19291566536736834,0.17788179386617098,0.0034818422605103327,0.0658821404039908,0.18546301003577875,0.0015176563392387413,0.009174224767637932,0.11437831691450917,0.15010092749267867,0.06415639214872604,0.0022687938788724014,0.2509827718956783,0.22454198926272273,0.1289700345616929,0.0011618240743397497,0.16582745032745522,1.8207307595326238e-05,0.0007066574912888276,3.3887272200684465e-06,8.581832428708789e-05,0.00019990092349750653,0.00013851899081852883,2.782643690925042e-07,0.00015882856092338274,0.2203943764705377,0.23675730268594053,0.219749308445291,0.20889559920569628,0.17227516024518694,0.20865789720883082,0.09391316283719213,0.11449186268573625,0.15686683616831215,0.1957968609903335,0.21605529955713942,0.20167465412986005,0.2281685367184445,0.2457870699925762,0.25834536821686527,0.24307752766608373,0.2632732957955275,0.20810277468932703,0.24350868703263484,0.24401744665178704,0.2657144298514034,0.2239593266560095,0.2258261248990093,0.250043114423854,0.23814542791618837,0.20883302853471764,0.2523030470237119,0.23501366595130682,0.2177258344804321,0.23569161490536628,0.25884179343535696,0.2589602030281882,0.2620823453001299,0.2616000805069232,0.2562191463987522,0.2335169227007774,0.24320597756382015,0.25325986569897124,0.15846655097052378,0.2397200451176098,0.24184437104020845,0.26676837451738095,0.19904967765835183,0.27352699699042515,0.2535820348506382,0.2500320738309286,0.24509953952482863,0.24796130702820948,0.2284609192670921,0.2609889761737736,0.23859432919003198,0.2611080903853522,0.2359006206168125,0.26360142518415913,0.25120048174810866,0.11967313826726159,0.054773880312697046,0.26237454007341654,0.26474537130788245,0.003021346325484558,0.046755460793281356,0.03822469919921729,0.010299307018344011,0.028647929449389355,0.08063750399806513,0.24236831648793244,0.23855767748181234,0.23830674100862786,0.26262523287974665,0.257725513641164,0.2673366070986625
0.16344886786554808,6.183413524706188e-08,0.0006206628945169702,0.023045192134523558,0.09707831610431754,1.0096004938099911e-05,0.016997578424245253,2.550547964910202e-05,0.009564976373707176,0.05068560503523414,0.22865507080733952,2.2418778380507284e-05,9.809482027610287e-05,0.001429849422474975,0.03364208174049735,4.3437061587818446e-06,9.128241418072192e-05,2.897164630952724e-05,0.12611771531437144,0.0004576503694782006,3.0120691611226357e-06,0.034685549333382054,0.0002976606760069411,0.005309361314830782,0.0037054778881560452,0.005751331336537107,0.011094890256914677,0.002601562530431588,0.08146341275507793,0.008916455070046184,5.682292793075625e-06,3.70913082885117e-06,1.290146433905969e-05,0.00010601552229396362,0.0706713146597527,6.34199759397443e-05,0.009782548403923664,0.0005568582792865784,0.0007358515414653177,0.02702053331126894,8.255590166558252e-06,0.006235649157517874,0.05084103846468009,0.11561685746140418,0.022171678209146367,0.0007381665759165704,0.04381662856609285,0.0020042195634605562,0.05710027663913663,0.0018426154157676082,0.12218598268155861,1.805017086961478e-05,0.0026730090383367535,0.12198152270259867,0.2147236169196074,0.22035171243026783,0.258835993438707,0.2016289368209904,0.019735308895709736,0.08883519391662166,0.009465138738789111,0.025819787005235965,0.09479623940587312,0.15818182981819837,0.18594704908755444,0.15793222053854022,0.002062706177984041,0.04953336734631511,0.16894915416317272,0.0009183506423493212,0.005930840878573386,0.09159202228656976,0.12871503971979675,0.04706445203106691,0.001304413113440564,0.24170217987745196,0.2201408332897958,0.10289927155276131,0.0006759635100656451,0.1441001262754276,1.0200733448966472e-05,0.00039128549929754505,2.3409468616794415e-06,3.42662236919548e-05,0.00011407905750517405,7.753166790167272e-05,2.782643690925042e-07,7.788470474698165e-05,0.21478064291877366,0.23136040026744803,0.22355624498837406,0.19649775297447583,0.14795564068181882,0.19271880928115154,0.07341131992798713,0.08957862274609196,0.13628626485072157,0.1789527004955887,0.21078136148817356,0.19231146425717405,0.23111473247408043,0.2425637918960845,0.2586565148094575,0.23638942647425754,0.2635736501284033,0.18755138487428183,0.2426949076520864,0.2417517544324902,0.2595526141273687,0.226999467377174,0.21754644632628875,0.25307270391224185,0.24190152728197334,0.17946484746836575,0.24928098546954136,0.23704526667424428,0.221533460163727,0.23804977428707869,0.2566028283054889,0.2568710293358995,0.26212309969047703,0.2622102500204985,0.2581371683899104,0.21987260523708804,0.22221408754674188,0.2500068070797292,0.12824709101331155,0.23642915156493083,0.242452724460809,0.26422194262577436,0.18069298869030817,0.26983029951594584,0.2446819537311387,0.24045003712359286,0.24339625470245768,0.24681091075602363,0.21592045152724385,0.2562605444369903,0.23417012043547253,0.2623101268877221,0.22679759743152306,0.2638042720089311,0.24634541077644848,0.08990972483573302,0.035321137040533204,0.2586643464034473,0.26366131584235125,0.0016008965204300765,0.02945318732500275,0.02560813670389961,0.006699711279644021,0.018637047324082376,0.054758990670580626,0.24585843399426088,0.23942965046442555,0.23945957902114362,0.2618460372841892,0.25401539168748627,0.2669423260151196
0.14392204806238718,6.183413524706188e-08,0.0003354748530284319,0.015636021600971408,0.07546995984968691,1.0096004938099911e-05,0.010020831874986875,2.5208964206218052e-05,0.005766298394623922,0.037266731263229005,0.22434241136754532,9.159748513394988e-06,4.0393405597715764e-05,0.0008035368078565699,0.022477733964084194,4.3437061587818446e-06,4.7495780069367816e-05,1.8374062237140308e-05,0.100515858050406,0.00023558976391084503,3.0120691611226357e-06,0.023023809300616413,0.00014499745932033663,0.0029183161576412354,0.002148627227559496,0.0033241531833726077,0.00620034137468458,0.001524241107356184,0.05673748600268318,0.005433321137848008,5.682292793075625e-06,3.70913082885117e-06,1.2893297047169805e-05,4.745330159273093e-05,0.051376421213487386,3.1760716313784974e-05,0.0059811169108330555,0.000308469717296683,0.0004194219735968138,0.01743341322968997,5.895387042538607e-06,0.0036455457918376528,0.03452945373566397,0.09204525245850911,0.015539758049185844,0.0003965526507375072,0.02911400379293627,0.0011926062991218212,0.03996394143388594,0.0010809028863015126,0.09064688436551321,1.290089456380909e-05,0.0014732512339682162,0.09872441086098391,0.19874116263581762,0.20969417418341907,0.25546475193618523,0.185115465265329,0.012477940775185093,0.06723929019519498,0.005646927561353606,0.018190153892495984,0.07416529710917297,0.1391575899032594,0.17533169452943928,0.13554347417890591,0.0012250881396459314,0.03630350120108628,0.14886275380368727,0.0005539958559724722,0.0037604599829418454,0.07082593096881111,0.10700385390686877,0.033660246352328844,0.0007417390910179354,0.22967463260216364,0.2154478706198951,0.07846151004657141,0.00038907329736205504,0.11950077069298388,9.81610915669604e-06,0.00021584928489414777,2.3409468616794415e-06,1.597834250275554e-05,6.335665698424981e-05,3.9373595667744836e-05,2.782643690925042e-07,3.131671215946411e-05,0.20739523049232,0.22531919882232548,0.22687906053330054,0.18124797608891496,0.12284380065254209,0.17309745228065085,0.05558774330852016,0.0668620732556534,0.1132293622610626,0.15865784252256018,0.20424471889727924,0.1793403367222805,0.23309721413708787,0.238729009007719,0.25757951966444714,0.22870493043476683,0.2632174974485534,0.16180760813238187,0.2412354544111253,0.23898555924281906,0.251400923881078,0.2283221434333108,0.20748224399027276,0.2553275554881158,0.2450952673993609,0.14612115931853298,0.24504091553076693,0.23845313155055545,0.22492063803766263,0.23952949173111235,0.25450497192130783,0.2534369693281078,0.2614635664429339,0.2620628819769875,0.25931488545614934,0.20199128987089235,0.19531095648229707,0.2438973772529448,0.09750235611413309,0.23279214846664062,0.24206150795960807,0.2616914090917315,0.1591128309603845,0.26547059708838044,0.23388310618451114,0.22657270988754327,0.23994320307734932,0.24520504487650607,0.1983786095546723,0.24997279068526712,0.22622950583153764,0.2629922251727908,0.21564152298320616,0.26350898606025575,0.24006939989983284,0.06333521810579068,0.0218639087708682,0.2540580076290154,0.2618690539805581,0.0008432236604577187,0.017899604223978193,0.016615872077753047,0.004294124680204939,0.0118510090197667,0.03537108709261715,0.24857186689577593,0.23964763532872208,0.24004636522105283,0.2603337416049336,0.25112394197993665,0.26583022724498906
0.12041436533465676,6.183413524706188e-08,0.00017541679279464934,0.010414373544759851,0.05635398366342324,1.0096004938099911e-05,0.005796026398938989,2.5208964206218052e-05,0.0034404306384104247,0.026786299607554537,0.2160416155467456,4.205213704295958e-06,1.4162352717825498e-05,0.000444414677783674,0.014633265210213185,4.3437061587818446e-06,2.4536807593703707e-05,1.8374062237140308e-05,0.07631180850699613,0.00011777645810718868,3.0120691611226357e-06,0.014829042931684012,7.086355028453295e-05,0.0015884477119796003,0.0012234321806752976,0.0019107122063040571,0.003424078810303433,0.0008754279313012928,0.03781505425630899,0.003252659909742304,5.682292793075625e-06,3.70913082885117e-06,1.2893297047169805e-05,1.7275250754906178e-05,0.03604891299316432,2.0551255437564113e-05,0.0036043970650292724,0.00016866869598487595,0.00023108925314083427,0.010948307014534694,5.895387042538607e-06,0.002104236190586621,0.02279550313384794,0.06999226256057402,0.01085128886645337,0.0002132078884763214,0.018856274376334383,0.0006987609591221513,0.026908140116397937,0.0006350425340302909,0.06375513055279827,1.290089456380909e-05,0.0008136851226039959,0.0769541180337991,0.17930946156369568,0.19477964279243606,0.25044442548599205,0.1655154098918139,0.007790314385500835,0.049048966959522294,0.003331917386461946,0.01256557736919819,0.05643146718409559,0.11901807262706356,0.16080620951609534,0.11210283148470375,0.0007298585938287466,0.0260289234285335,0.12624977043405636,0.0003307422782543714,0.0023437702261511375,0.053130329269610546,0.08638670056609306,0.023657170640478755,0.0004168540097842725,0.2138264020796033,0.21026749190639635,0.05729172427310855,0.0002213407756403924,0.09429757187666586,9.81610915669604e-06,0.00011666962054200721,2.3409468616794415e-06,7.893125627172851e-06,3.4382096725432856e-05,1.985806237283533e-05,2.782643690925042e-07,1.2378433173690459e-05,0.1966239526848725,0.2179609468245434,0.22963645040950553,0.16315828153856213,0.09864356914009671,0.15052760389871955,0.040905496514494884,0.04778399629167793,0.08966930278105448,0.13535912603285538,0.19495608404173415,0.1618424869179501,0.23381366057714104,0.23401010103144942,0.2551098849652624,0.21943594893890284,0.26209875500031155,0.13249490317667176,0.23925997354911405,0.23575688527520353,0.2408510918705111,0.22734885594427523,0.19528549288688382,0.2568631709994217,0.247631748325921,0.11219800265218662,0.23952347988765482,0.23923900816269988,0.22769203788394843,0.24013423660232225,0.25254220705125263,0.24854104717707676,0.2601095473864488,0.2613895635930729,0.2597742299631026,0.17916925379709167,0.16333195515831261,0.2340526594222296,0.06976173221840674,0.22859842945895303,0.24065694169563379,0.2591887560678462,0.1347642155337441,0.2601815040901461,0.22069276077245265,0.20802227878714818,0.23376070328779985,0.242432530248389,0.17571104784178807,0.24168870758421468,0.21353672398106469,0.2631468047062888,0.20194291274995135,0.26263334398546634,0.2320315310200336,0.04225623853571016,0.013164611759946484,0.24836593452811273,0.2592874521061605,0.00044065526623485965,0.010601772261646407,0.010515307606786178,0.002709331281738804,0.007383980755939445,0.022026872530178286,0.2503658185954696,0.23926149067304897,0.24004461145254094,0.2578279106340507,0.24856032300017217,0.2642324102364224
0.09521639712205597,6.183413524706188e-08,8.932024300880678e-05,0.006765186800219945,0.040511692318728,1.0096004938099911e-05,0.003302966536705941,2.5208964206218052e-05,0.002032582737998059,0.018847701374752134,0.20334991367779254,3.4715314037856114e-06,6.200942408975677e-06,0.00023921155604946062,0.009371288240468262,4.3437061587818446e-06,1.495529597784623e-05,1.8374062237140308e-05,0.055348589141273816,5.5973105037240835e-05,3.0120691611226357e-06,0.009352543889502359,3.0508822968927523e-05,0.0008576330997504707,0.0006890075423681718,0.0010870772647362682,0.0018624241220515135,0.0004989244410561456,0.024297992456743935,0.0019208552087317662,5.682292793075625e-06,3.70913082885117e-06,1.2893297047169805e-05,6.268119617683598e-06,0.02456542535800286,2.0551255437564113e-05,0.0021405324681480604,9.115554546915486e-05,0.00012429791266592972,0.006788212847138143,5.895387042538607e-06,0.0012034864029312818,0.014699234534210334,0.05116153345376087,0.007535382944064913,0.00011442939950858207,0.011997538585811013,0.0004040857794807814,0.017639913578605598,0.0003626453740021045,0.04271458713099319,1.290089456380909e-05,0.0004457799407959157,0.05811960097972849,0.15647043874725575,0.1758676681797129,0.24317439843570252,0.1435432539269609,0.004768018773575177,0.03440296740966587,0.0019500730427535892,0.00852133011841646,0.04182933803282043,0.09885732552683106,0.1420215722159134,0.08928412416174206,0.0004363672546924719,0.018321441689608402,0.10294670496995703,0.00019564403543733097,0.0014397604063363324,0.038861278881173605,0.06789806767302704,0.016463144719598727,0.00023172286817428045,0.1932318073109172,0.20352324565748584,0.040527497716355644,0.00012478873955470935,0.07104092787802103,9.81610915669604e-06,6.0085499902210886e-05,2.3409468616794415e-06,3.873962792227145e-06,1.866634923478759e-05,1.0021655484289756e-05,2.782643690925042e-07,4.924755734700543e-06,0.18148315327474493,0.20906187422724462,0.2317318248269875,0.14287080575921357,0.07676428737211782,0.12636097071151237,0.029321558165644235,0.03289007028214492,0.0680914909593609,0.11135870184859015,0.181400815178345,0.14051869964141447,0.23297358662984707,0.22811130336772942,0.2511687369593398,0.20815680563704936,0.2600922987042768,0.10269634738387937,0.23679378941305967,0.2319601619601937,0.2269860562994483,0.22347026011203786,0.18059009375174306,0.2577318233563042,0.2494279637695217,0.08127284583688389,0.2324865608770718,0.2394118574615201,0.2296313386193202,0.23983725662235333,0.25057589370414834,0.24187220345958643,0.25799475446228465,0.26033549834488345,0.25951404821557045,0.15201165651441978,0.12862161566968258,0.21944706102295558,0.04725953053734927,0.22356723950580248,0.23806845112109565,0.2565524166042335,0.10944311890876253,0.2535860133711997,0.204501531002948,0.18419919131086307,0.2237254751675022,0.2376770676183445,0.14869354956530845,0.23089694620366039,0.19528775492930492,0.2627330590728905,0.18544273984084178,0.2610863484806141,0.22179947781938097,0.02713800463699158,0.007714090586965333,0.2413084598418513,0.25578229980211353,0.00022943168449534579,0.006185957782558623,0.00650613768477072,0.0016916068189997842,0.004564303058555256,0.013327331619654636,0.25111301710648753,0.23832974571706605,0.23944759446757663,0.2539699406506611,0.24569078049444334,0.26229169589099705
0.07158257098451525,6.183413524706188e-08,4.288490995030922e-05,0.004307506913002968,0.02812056743770195,1.0096004938099911e-05,0.0018581314934212143,2.5208964206218052e-05,0.001190610645255403,0.012999543898178005,0.1862004402423529,3.4715314037856114e-06,6.200942408975677e-06,0.00012474404509535484,0.005934883726662138,4.3437061587818446e-06,1.495529597784623e-05,1.8374062237140308e-05,0.03856841972478073,2.570114847655277e-05,3.0120691611226357e-06,0.005797141132265503,1.311918019024135e-05,0.0004594599108769067,0.00038343131290296195,0.0006109069971032194,0.001000449334969693,0.00028237577668617416,0.015147495685528334,0.0011201640593052433,5.682292793075625e-06,3.70913082885117e-06,1.2893297047169805e-05,3.7680686246920014e-06,0.01636165332774824,2.0551255437564113e-05,0.001254476950010958,4.5977097066821395e-05,6.485997234190253e-05,0.004184480952280975,5.895387042538607e-06,0.0006825940018454556,0.009313779625452916,0.03607683815564771,0.005186094484547277,5.969584050110345e-05,0.007524286657779838,0.00023138232408535656,0.01132621186729899,0.00020187591817961514,0.02750609732568689,1.290089456380909e-05,0.0002407695358031164,0.04281101371981853,0.13126160503451728,0.153818320267189,0.23280882668730682,0.12048231136295542,0.0028553136558194863,0.023232286399573168,0.0011336732610111849,0.005684722629781293,0.03028052172765282,0.07945271155085852,0.1199463760153885,0.06866821952230248,0.0002614944635127727,0.012717680362174466,0.08088275327009727,0.00011447981348399074,0.0008752315332388787,0.027827156789008285,0.05208943503742969,0.011395040085593316,0.00012606367799331827,0.16782053223278398,0.19379224052818703,0.027995528437884176,6.811536618175138e-05,0.051446979034920154,9.81610915669604e-06,2.7122269628746907e-05,2.3409468616794415e-06,2.7039666080380655e-06,1.1807165597321704e-05,8.447856861215093e-06,2.782643690925042e-07,1.97026254733066e-06,0.1620256622043325,0.19719908845475273,0.2330434607932461,0.12144272493024638,0.05815523620832456,0.10230793153831957,0.020553784656680892,0.02199401426034964,0.049826639531734475,0.08836611240782108,0.16340011854485886,0.11667320172257717,0.23020197874610243,0.2205454061989534,0.2455256273374495,0.19451731242536593,0.2570265149536879,0.07553255269480935,0.23377723206429665,0.22734290925244585,0.20899252130090906,0.21608003109997892,0.1633449305258,0.2579646874849353,0.2504024542639218,0.05586148949435277,0.22361041731233672,0.23897408251044455,0.2304909179472933,0.23855010368260302,0.24834195548199975,0.2328715617868189,0.2549484465579736,0.2589524561617124,0.25848947418416146,0.12261182014297345,0.09502765597604379,0.1991443540488618,0.03069927257988062,0.21707002625044436,0.23404612724951623,0.2534565899005133,0.08509224928770909,0.245165647447243,0.18491371258722136,0.15584070615885937,0.20873639459967155,0.22998459436974325,0.11960752220174371,0.21703515617655406,0.1715093775826194,0.26166706856621064,0.16629171523511632,0.25874866413169095,0.2089613418093045,0.016938922350187742,0.004421357157357329,0.23250291362790468,0.2511474376524544,0.00011784648271883976,0.0035683457437748617,0.003944430859209939,0.0010447848357820321,0.0027993951041575234,0.007902571790937481,0.2506710200606246,0.23688024239787633,0.23819397812484255,0.24823264109007095,0.2417356533298399,0.2600323010717784
0.051646792013299095,6.183413524706188e-08,2.1779940305983565e-05,0.002700462812683285,0.01890152734290113,1.0096004938099911e-05,0.0010340963533567711,2.5208964206218052e-05,0.000691616244297379,0.008795629247192066,0.16509166227511843,3.4715314037856114e-06,6.200942408975677e-06,6.370378303995099e-05,0.0037303971636169536,4.3437061587818446e-06,1.495529597784623e-05,1.8374062237140308e-05,0.02604638521664191,1.433674281238234e-05,3.0120691611226357e-06,0.0035419401539668522,5.639078795652784e-06,0.00024365688447232413,0.00021177666519526308,0.0003383706436219867,0.0005334603529716867,0.0001577703816912034,0.009210302463013844,0.0006461787178465961,5.682292793075625e-06,3.70913082885117e-06,1.2893297047169805e-05,3.7680686246920014e-06,0.010709053858101945,2.0551255437564113e-05,0.0007264053555047778,2.1286088169462016e-05,3.3231473730728305e-05,0.0025766294799114556,5.895387042538607e-06,0.00038336618421725327,0.00582780017804976,0.02463346196961256,0.0035255523907332343,2.6671606565977526e-05,0.004662963023879067,0.00012945127350370988,0.007127550686102849,0.00010983665626348692,0.017206142845663464,1.290089456380909e-05,0.0001257098865689244,0.030912575422167358,0.10561500907858073,0.13005573464081652,0.21832095428433557,0.09789831153474196,0.0016729181266462766,0.01515549621111672,0.0006547573661879668,0.0037347817504943077,0.021456003178707547,0.061596502187156135,0.09668759840998317,0.051253302760438914,0.00015679039727011697,0.008744160192349892,0.06145072756847836,6.57375950786759e-05,0.0005285665268971987,0.019549859736836497,0.03910778450624121,0.00785662835531463,6.544918814421074e-05,0.13892196690761843,0.1801029087225695,0.019002872941558693,3.428605983062075e-05,0.03607146708622974,9.81610915669604e-06,2.0706856138942473e-05,2.3409468616794415e-06,2.7039666080380655e-06,1.1807165597321704e-05,8.447856861215093e-06,2.782643690925042e-07,1.2486811058151142e-06,0.1391460876654045,0.1810900650059463,0.23340943868179598,0.10010608065346517,0.04313723117378127,0.08000669765657367,0.01416147458048067,0.014391889876042646,0.035315451508314916,0.06780585774513012,0.1416575938202111,0.09254105121354234,0.22501391486684663,0.2103187388390965,0.2377356319275487,0.17826915406224503,0.2526457056036563,0.052980165630118314,0.23003230224154914,0.22141997852612133,0.18649458276091424,0.20467017523933287,0.1439887222982398,0.2575525234043559,0.2504536711779434,0.03676446996431255,0.21252805001050576,0.2378945366052807,0.22996394112402438,0.23611634714324098,0.24544293849504278,0.22077004079618068,0.2506381911130642,0.25718777681537175,0.25658095268290393,0.09385655242813391,0.06603706304383328,0.17284606569023392,0.019361254594590042,0.20820504584875077,0.2282979288885416,0.2493995346213869,0.06336957646712782,0.2341740149135605,0.1621379831033832,0.12533688790061942,0.18811807989512763,0.21849099231994668,0.09151618844620799,0.19982939749837708,0.143590721848119,0.25980537733042103,0.14496167689913209,0.25545172629195634,0.19326710898808208,0.010320965556433684,0.0025033341597080192,0.22150733883506685,0.2450877339227995,5.655048512965247e-05,0.0020336687008579153,0.0023586642059023827,0.0006364576900080585,0.001690774912310295,0.004619333064364808,0.24884211979660403,0.23488314022604312,0.23611746917172874,0.23985322628365255,0.23571176245324188,0.25733745127221785
0.03609046932598342,6.183413524706188e-08,2.1779940305983565e-05,0.001668695821036307,0.01235992090519438,1.0096004938099911e-05,0.0005693591493952187,2.5208964206218052e-05,0.0003977759797941083,0.005850698045988688,0.14120727746387016,3.4715314037856114e-06,6.200942408975677e-06,2.2342721717360602e-05,0.0023265694729312273,4.3437061587818446e-06,1.495529597784623e-05,1.8374062237140308e-05,0.017141750580159203,1.433674281238234e-05,3.0120691611226357e-06,0.0021336711954010514,2.4223675177949867e-06,0.00012472279829372877,0.00011624175630330008,0.00018278861591454774,0.0002807353590079321,8.162710146972137e-05,0.005502590938247421,0.0003679273354547008,5.682292793075625e-06,3.70913082885117e-06,1.2893297047169805e-05,3.7680686246920014e-06,0.006919117463984591,2.0551255437564113e-05,0.00041622969798488,2.1286088169462016e-05,2.0135456443246914e-05,0.0015798645278870815,5.895387042538607e-06,0.00021127553947457788,0.0036129577800829617,0.016356156881449826,0.002361606842993543,1.4609154500150993e-05,0.002862683830260505,7.07518195397891e-05,0.004418428575311191,5.4674045815601515e-05,0.010507703670734378,1.290089456380909e-05,6.0046789076098896e-05,0.02194439898482155,0.08163188710280839,0.10629551928093722,0.19914061658661275,0.07720431014738961,0.0009626603950536011,0.009612313127598374,0.0003751851465913974,0.0024168830889391034,0.014912972397235272,0.04606980732175322,0.07459169828293262,0.03732191254146888,9.368855086612068e-05,0.005973693478947358,0.04532785564356469,3.699571205336075e-05,0.00031751071041349383,0.013490306437373768,0.028791096869268666,0.0053935933240673835,2.47227777932292e-05,0.10911829998245504,0.1622432977853005,0.012695268121896119,1.7358044060374414e-05,0.024708560875599507,9.81610915669604e-06,2.0706856138942473e-05,2.3409468616794415e-06,2.7039666080380655e-06,1.1807165597321704e-05,8.447856861215093e-06,2.782643690925042e-07,1.2486811058151142e-06,0.11453652075643336,0.16008009634037546,0.23260938389226854,0.08003536543409653,0.03149383983246144,0.060638646652565825,0.00959136797742215,0.00924496561093386,0.024322432283312635,0.0503783068611957,0.11774227988820442,0.07023323866290218,0.21682838388191364,0.19621799048044838,0.22710237999132854,0.15948765037439608,0.24657282313477352,0.035839534611504784,0.22521446529540584,0.21347396766933435,0.16027681453896808,0.1890018560960135,0.1234262563218874,0.2564209467079845,0.2494269396601046,0.02344053555407279,0.19889615592268162,0.23607022034027775,0.22764650680658938,0.2323218526461662,0.2413277054508946,0.20470933269746178,0.24448956330550345,0.25486693995007986,0.2535453513583751,0.06852269089325791,0.04372883993693465,0.1420342528350406,0.011917800269304862,0.19603466238907818,0.2205230909340346,0.24367889688473449,0.04545321279092427,0.21995039130077793,0.13709307356332417,0.09559719527998793,0.16191647408383247,0.2022739853134457,0.06655583182931189,0.17929198827976559,0.11452930703088961,0.25691757796954423,0.12251770597370454,0.2509575149633024,0.1747418121274253,0.006185728029886998,0.0013989862135638377,0.20790442487590488,0.23721806803649678,2.337502905400585e-05,0.0011489667110595866,0.0013925292853387823,0.00038244531465491066,0.0010092648294037396,0.0026661572853127966,0.24532710144656958,0.23221841087560363,0.23289665991183423,0.22781558957965337,0.22657207994996784,0.25392305243527186
0.02464025564932774,6.183413524706188e-08,2.1779940305983565e-05,0.0010164315845835666,0.007896935165974579,1.0096004938099911e-05,0.00030906761295166105,2.5208964206218052e-05,0.00022287108173636694,0.003830554086698322,0.11639774372911474,3.4715314037856114e-06,6.200942408975677e-06,8.194734827411432e-06,0.001430982201698594,4.3437061587818446e-06,1.495529597784623e-05,1.8374062237140308e-05,0.011043927684811002,1.433674281238234e-05,3.0120691611226357e-06,0.0012696670169844797,1.5868509451674917e-06,5.9040119015453e-05,6.316142017580137e-05,9.681076186793471e-05,0.0001437761843013657,2.905512878518055e-05,0.003256589971513218,0.00020703690166598383,5.682292793075625e-06,3.70913082885117e-06,1.2893297047169805e-05,3.7680686246920014e-06,0.004428707099385608,2.0551255437564113e-05,0.00023543683097634747,2.1286088169462016e-05,2.0135456443246914e-05,0.0009497313949297948,5.895387042538607e-06,0.00010892228583355238,0.002217802744304836,0.010620159714916214,0.0015563415274755044,1.4609154500150993e-05,0.0017448131701177684,3.331572868532807e-05,0.002703648736055414,2.1818221260036165e-05,0.0063016785307618796,1.290089456380909e-05,2.4499503715914283e-05,0.015337195108802656,0.06077927696328346,0.08415554375609867,0.1757041170592312,0.05931338777611886,0.0005468601131993486,0.005986109570939142,0.00021136588821749265,0.0015420690378693327,0.010197832168825815,0.03321632775349001,0.055329933885789356,0.0266278412294472,4.700611473743934e-05,0.004062568296629175,0.032616369000616825,2.630549156133858e-05,0.00018846890694877895,0.009157171764188923,0.020797442749902924,0.003681098676794083,1.9389439837855895e-05,0.0814695600471741,0.14085198324172477,0.008333883418077436,1.7358044060374414e-05,0.016674367700755515,9.81610915669604e-06,2.0706856138942473e-05,2.3409468616794415e-06,2.7039666080380655e-06,1.1807165597321704e-05,8.447856861215093e-06,2.782643690925042e-07,1.2486811058151142e-06,0.0902818530327347,0.13478418596856973,0.2303464833764424,0.06212682731834275,0.022725067508607883,0.04476400047983886,0.006393347626351645,0.005853163467641871,0.016298229991571843,0.03615589088946033,0.09392854761807058,0.05112733606174807,0.2051955577180598,0.17724763536123836,0.21276997032359485,0.13874887162012198,0.23835356194756457,0.023612546379198542,0.21867967304532593,0.20258388369884678,0.13241300604174921,0.1693731064397337,0.10267732234834837,0.25439524809639463,0.24707455428949737,0.014638994953194203,0.18252756780834475,0.2333016547195446,0.2230444386877807,0.22687570040780702,0.23528712977978028,0.184344954745967,0.23564103485725846,0.2516724555638761,0.24894562836114997,0.048252994664211804,0.028303598333310153,0.1097940776824152,0.007191991783579055,0.1798726730334083,0.2103012284579357,0.2353999883731832,0.03158647053024055,0.20207689172110732,0.11147262261047933,0.06946487586558822,0.1318590222457663,0.18055581393185444,0.045989555170954675,0.15581102440753808,0.08701662337259182,0.25266291986469275,0.10044943255400918,0.24494445591073294,0.15393531913259134,0.003660264296518959,0.0007709056303570784,0.1914517727624936,0.22709004795394036,1.1486662883501977e-05,0.000643596691784752,0.0008124927331217051,0.00022281432777056535,0.0005956727458472708,0.0015212829165920847,0.2396687988745505,0.22861863618578007,0.22808854910538498,0.21125779799065578,0.21317642607024084,0.24930716162352473
0.016520434755941036,6.183413524706188e-08,2.1779940305983565e-05,0.0006100824483624308,0.004947483723826585,1.0096004938099911e-05,0.00016462875263923639,2.5208964206218052e-05,0.00011911179174339288,0.0024709640957019698,0.0926436039689856,3.4715314037856114e-06,6.200942408975677e-06,6.621300210245938e-06,0.0008582810150876814,4.3437061587818446e-06,1.495529597784623e-05,1.8374062237140308e-05,0.007008092348839381,1.433674281238234e-05,3.0120691611226357e-06,0.000746879701998077,1.5868509451674917e-06,2.4619689661988846e-05,3.407659882405499e-05,4.897057895288181e-05,6.911953373559962e-05,1.1727630063838544e-05,0.0019104876101228626,0.00011613038440130899,5.682292793075625e-06,3.70913082885117e-06,1.2893297047169805e-05,3.7680686246920014e-06,0.0028037944594682565,2.0551255437564113e-05,0.00013148383946968314,2.1286088169462016e-05,2.0135456443246914e-05,0.0005696362278649802,5.895387042538607e-06,4.5716929707928306e-05,0.0013565903883351064,0.006774679368581243,0.0010056735274727537,1.4609154500150993e-05,0.0010537285124961526,1.6125720599999456e-05,0.001631354241111895,8.677412951585389e-06,0.003740234755737005,1.290089456380909e-05,1.2585626098699831e-05,0.0105615244954209,0.043753592920328856,0.06478648588378833,0.14863591027920994,0.04457076424468619,0.00030166357764002753,0.003665762768215473,0.00011584328398831189,0.0009708710463601968,0.006882610293392808,0.023099129008388834,0.03965032191354893,0.018682621247171592,1.9264732562665677e-05,0.0027523098065296604,0.02299446103535075,2.630549156133858e-05,0.00011055120318422069,0.0061253469393181634,0.014751827772479461,0.0024917575437971183,1.9389439837855895e-05,0.05833603796744809,0.1174777920298879,0.005400071976907081,1.7358044060374414e-05,0.011088675861654027,9.81610915669604e-06,2.0706856138942473e-05,2.3409468616794415e-06,2.7039666080380655e-06,1.1807165597321704e-05,8.447856861215093e-06,2.782643690925042e-07,1.2486811058151142e-06,0.06830055194674657,0.10796000873564994,0.22623281353078764,0.04689580655395144,0.016251836742748584,0.03235390853342894,0.004204108841810852,0.003660739547666404,0.010680390357729101,0.025202661634817512,0.07209366383994134,0.03598871635590096,0.18990153140243074,0.15352206855109424,0.19415824539841095,0.1170344302241717,0.22749743410723644,0.015218666466298044,0.20953046886670706,0.18787383323875703,0.10504056892933428,0.14678611314352782,0.08279033144591785,0.25115289469979873,0.2430077184292383,0.008998320925330355,0.16356032542169768,0.22925368951412411,0.21562182019260243,0.2193891792615748,0.22641675767653857,0.1603084788937096,0.22305139352487507,0.24711429603307813,0.24209242532110387,0.03307966882580022,0.01806841596673236,0.07991697172751117,0.004284563514228332,0.15963970318204057,0.1972696114369621,0.2235373171037791,0.021370287052923025,0.180504985655281,0.08719345476849827,0.048562148430654616,0.1014427115424607,0.15393552489955067,0.030522291310930413,0.13061769678386573,0.06311430838950892,0.24658337392575463,0.08004369445499691,0.23701118309997396,0.13188834569144628,0.002138774271627919,0.00042090986455547345,0.17227809988236328,0.21427538139112007,9.370214905617917e-06,0.0003557033123690743,0.0004692069134713379,0.00012601967567100352,0.00034652973313548054,0.0008603535026501409,0.23125219292151147,0.2235892989003191,0.22107599958867177,0.1897793813529917,0.19452672831101803,0.2427824195241111
0.010922000759996563,6.183413524706188e-08,2.1779940305983565e-05,0.0003608910800782998,0.0030495385387070534,1.0096004938099911e-05,8.351005904586067e-05,2.5208964206218052e-05,6.087337651957561e-05,0.0015712347920893003,0.07167714363562896,3.4715314037856114e-06,6.200942408975677e-06,6.621300210245938e-06,0.0005096029622237832,4.3437061587818446e-06,1.495529597784623e-05,1.8374062237140308e-05,0.004396280026812465,1.433674281238234e-05,3.0120691611226357e-06,0.00043431174545076746,1.5868509451674917e-06,2.4619689661988846e-05,1.954137867125617e-05,2.4655121204568304e-05,2.068788209555927e-05,8.478749317216073e-06,0.0011112866185490568,6.219345135146176e-05,5.682292793075625e-06,3.70913082885117e-06,1.2893297047169805e-05,3.7680686246920014e-06,0.001751978474017758,2.0551255437564113e-05,7.257876584314007e-05,2.1286088169462016e-05,2.0135456443246914e-05,0.0003316219573941623,5.895387042538607e-06,1.6795506808784892e-05,0.0008181294232290921,0.004248265415985919,0.0006411665299196275,1.4609154500150993e-05,0.0006302988525421377,1.1217346471267488e-05,0.0009687046096009881,5.2559978653733666e-06,0.0022124632120832516,1.290089456380909e-05,9.764457819120091e-06,0.00717583742111729,0.030612006435156103,0.04858955536804652,0.11994612742047113,0.032870371757202414,0.0001631257547247866,0.00220882202817918,5.9832463407107954e-05,0.0006048613511357049,0.00461043194183872,0.015481116171922106,0.027555969317788385,0.012923699329281016,9.610139707519148e-06,0.0018469135528389343,0.016021386428143342,2.630549156133858e-05,6.114996140775456e-05,0.004063835840859678,0.010281831714293092,0.0016686112334953233,1.9389439837855895e-05,0.04047326394284924,0.0940368817357454,0.003457409447510469,1.7358044060374414e-05,0.007258438084685471,9.81610915669604e-06,2.0706856138942473e-05,2.3409468616794415e-06,2.7039666080380655e-06,1.1807165597321704e-05,8.447856861215093e-06,2.782643690925042e-07,1.2486811058151142e-06,0.049856063465926366,0.082534063640106,0.21979206658950645,0.034495578682676255,0.011483423667671555,0.02304885322481154,0.002729370495623014,0.002263087692514513,0.006873078663236691,0.01712774839303575,0.05347399836869539,0.02467761020633579,0.17134427318736126,0.12675139854739345,0.17135163185475477,0.09570974657989531,0.21358132519875325,0.00963546162532257,0.1967501918708469,0.16888556438873922,0.08025397738430914,0.12262030853867661,0.06459811679927226,0.24617046109189963,0.23666901208634236,0.005463930788795321,0.14263678696028234,0.2234163811554406,0.20489479535076457,0.20940069052299717,0.21370951930147608,0.13402002273504302,0.20568752855076752,0.24049993428531016,0.23203225880379214,0.022216128028688074,0.011430492268536572,0.05520281333756316,0.002539230607420567,0.13618557748625112,0.18113041539194355,0.20713745807357498,0.014126041511412606,0.1558814227270405,0.06576845477171712,0.032990019555802205,0.07396238131915661,0.12465562569362817,0.01965801129675576,0.10547611234593365,0.04399668176931387,0.23811636292503535,0.06216238585040624,0.22671710946353058,0.10988269408923193,0.0012342917406124982,0.00022894812951524063,0.15097747874523418,0.1985064450055066,8.46818871504331e-06,0.00018913428433401747,0.0002685163767601082,6.83173785657499e-05,0.00019816929409911859,0.0004823652443098457,0.21942492465309096,0.21637235186638362,0.21111884206438292,0.16374718703088387,0.17049550021448165,0.23341537946945068
0.007136496584194949,6.183413524706188e-08,2.1779940305983565e-05,0.00020989262763698686,0.001852769903599204,1.0096004938099911e-05,3.231310887566345e-05,2.5208964206218052e-05,2.9326320879444967e-05,0.0009848964506608872,0.05410634109341322,3.4715314037856114e-06,6.200942408975677e-06,6.621300210245938e-06,0.0002981773580113092,4.3437061587818446e-06,1.495529597784623e-05,1.8374062237140308e-05,0.0027295916792230814,1.433674281238234e-05,3.0120691611226357e-06,0.00024897981111393484,1.5868509451674917e-06,2.4619689661988846e-05,1.954137867125617e-05,2.109485431433504e-05,9.368647294524986e-06,8.478749317216073e-06,0.0006406842164263945,2.9589782612967437e-05,5.682292793075625e-06,3.70913082885117e-06,1.2893297047169805e-05,3.7680686246920014e-06,0.001081009254020376,2.0551255437564113e-05,3.36093726949226e-05,2.1286088169462016e-05,2.0135456443246914e-05,0.00018929628228381707,5.895387042538607e-06,6.165863978364932e-06,0.00048562437192177434,0.002622559837742084,0.00040516826869713336,1.4609154500150993e-05,0.00037277527611966597,1.1217346471267488e-05,0.0005668472520141437,5.2559978653733666e-06,0.0013048816993824848,1.290089456380909e-05,9.764457819120091e-06,0.004822466937817034,0.02087175004706399,0.035679593294871983,0.09229179425165712,0.02384477677778739,8.481861244503025e-05,0.0013117515580131649,2.944283917377961e-05,0.0003720521474463638,0.003066975916828969,0.010029307518992264,0.018642913609542972,0.008827376430117087,5.764061634900629e-06,0.0012273278026041395,0.011059074568464099,2.630549156133858e-05,3.23844150031933e-05,0.0026764470418572466,0.0070446705441607645,0.0011052829934574493,1.9389439837855895e-05,0.0274425120766489,0.0724304608612865,0.0021879415109627384,1.7358044060374414e-05,0.004683749411905764,9.81610915669604e-06,2.0706856138942473e-05,2.3409468616794415e-06,2.7039666080380655e-06,1.1807165597321704e-05,8.447856861215093e-06,2.782643690925042e-07,1.2486811058151142e-06,0.03535135688006648,0.06061804248115522,0.21050595175991518,0.024793958874457293,0.008031485145630651,0.016230109619875404,0.001748821213422667,0.0013830556995884336,0.004355581155669553,0.011389467354543398,0.03851774092000162,0.01658612095895953,0.15012888455223683,0.09967225578141506,0.14536402413071037,0.07581642534973881,0.19642885015254566,0.006013445688486911,0.1795298422497828,0.1460080584885927,0.059045041288362556,0.09889281857446791,0.0488188232089027,0.2386802735863712,0.2273584593860046,0.003287592217094766,0.1207441169039845,0.21510385919495206,0.19064313671709082,0.19646124339750137,0.19633079204650156,0.10745354963495854,0.18286824166742638,0.23094061994599194,0.21762127609969856,0.01466762518055241,0.007136251233310864,0.036916437677338876,0.0014983873522087154,0.11125878180554655,0.16221826793015295,0.18611017157419296,0.009163230216318829,0.1295966750381877,0.048025177489805865,0.021924023936972962,0.051688038219873736,0.09585363629815846,0.012470191123636062,0.08196569821383146,0.02969758213735276,0.22665719721462133,0.047174922632184826,0.2136715538472086,0.08912540251996202,0.0007038917138079834,0.00012050199304883774,0.12853939373065162,0.17983123631470943,8.46818871504331e-06,9.698940066305597e-05,0.0001504979266156579,3.603872875375651e-05,0.00010866210636685514,0.0002652608574944516,0.20371081597343307,0.20598846656068645,0.19751021982097433,0.13483516242494187,0.1425478120641067,0.2201784097979399
0.0046129129537567995,6.183413524706188e-08,2.1779940305983565e-05,0.00012004805738919466,0.0011121847061988928,1.0096004938099911e-05,1.4955719699876323e-05,2.5208964206218052e-05,1.4168320614740436e-05,0.0006079685460919531,0.03996204415879056,3.4715314037856114e-06,6.200942408975677e-06,6.621300210245938e-06,0.00017212555616260858,4.3437061587818446e-06,1.495529597784623e-05,1.8374062237140308e-05,0.0016805355826797863,1.433674281238234e-05,3.0120691611226357e-06,0.00013863967624739372,1.5868509451674917e-06,2.4619689661988846e-05,1.954137867125617e-05,2.109485431433504e-05,7.96048828127131e-06,8.478749317216073e-06,0.0003637860989478353,2.038802718385412e-05,5.682292793075625e-06,3.70913082885117e-06,1.2893297047169805e-05,3.7680686246920014e-06,0.0006588778723887988,2.0551255437564113e-05,1.5579106624423518e-05,2.1286088169462016e-05,2.0135456443246914e-05,0.00010690234290089786,5.895387042538607e-06,2.262590116046947e-06,0.000282881688114012,0.0015968935621793658,0.00025377244240025595,1.4609154500150993e-05,0.00021543546440309333,1.1217346471267488e-05,0.00032683573138116286,5.2559978653733666e-06,0.0007642903163969888,1.290089456380909e-05,9.764457819120091e-06,0.0032073136549850977,0.013936279303064382,0.025790883100029728,0.06807422380216592,0.01701512809684633,3.2517881869746993e-05,0.0007694025876587927,2.4663814767813775e-05,0.00022611867801983478,0.002024349981008855,0.0063189848497724075,0.012328314297948706,0.005960148812415024,3.4755798540179874e-06,0.0008089246590088181,0.007549020315851255,2.630549156133858e-05,1.734250707447775e-05,0.001747053003500619,0.004738616095539474,0.0007245650795475202,1.9389439837855895e-05,0.018288034999794256,0.05394939147150413,0.0013689334008773711,1.7358044060374414e-05,0.002986102340615315,9.81610915669604e-06,2.0706856138942473e-05,2.3409468616794415e-06,2.7039666080380655e-06,1.1807165597321704e-05,8.447856861215093e-06,2.782643690925042e-07,1.2486811058151142e-06,0.024519352519227725,0.043115736770593015,0.19793056004304754,0.017454396117575693,0.005575329086608115,0.011309098227594206,0.0011055943737437878,0.0008364334436107665,0.002723644328578011,0.007439911599034164,0.027070696655386285,0.010978005340269704,0.12733656235082103,0.07497335778234362,0.11804754552469418,0.05817706758880699,0.17616261530703017,0.0037098720415911454,0.15776796787034852,0.12071460218743606,0.04196867768813793,0.07733607547476141,0.03585164215228659,0.2276900857254236,0.2143465346555935,0.001963172911873267,0.09899152155644082,0.20353729945053198,0.172951861556039,0.18039591809516364,0.17426898066248123,0.08258211697396807,0.15536718130415844,0.2175635475862791,0.1978736727902659,0.009530763427705043,0.004390828621481303,0.02421404852166417,0.0008774870901509552,0.08707585439599347,0.1413284367404848,0.16090195374034022,0.005858669839389213,0.10353009184199352,0.03412295579048878,0.014307137785719695,0.034991897754853875,0.07042458750486524,0.007842190298421724,0.06148283689132724,0.019589814028567604,0.2117431548069546,0.03509269321942789,0.19766574454691593,0.0704830890547392,0.00039632913147719996,5.536107770784651e-05,0.10627053894128972,0.1587357677021342,8.46818871504331e-06,4.723244718976134e-05,8.170355929254534e-05,1.8967059576587854e-05,5.045746194229946e-05,0.0001428917630697828,0.18407905453065232,0.19143509654604648,0.1798617554091862,0.10564807059882958,0.11331482675744971,0.2023415769576005
0.002942810863436621,6.183413524706188e-08,2.1779940305983565e-05,6.560824415069029e-05,0.0006632848347360061,1.0096004938099911e-05,1.4955719699876323e-05,2.5208964206218052e-05,6.861267584142488e-06,0.0003687306850394851,0.028977559552785893,3.4715314037856114e-06,6.200942408975677e-06,6.621300210245938e-06,9.806754387648131e-05,4.3437061587818446e-06,1.495529597784623e-05,1.8374062237140308e-05,0.0010310314032313367,1.433674281238234e-05,3.0120691611226357e-06,7.186265316275168e-05,1.5868509451674917e-06,2.4619689661988846e-05,1.954137867125617e-05,2.109485431433504e-05,7.96048828127131e-06,8.478749317216073e-06,0.00020002081122373575,2.038802718385412e-05,5.682292793075625e-06,3.70913082885117e-06,1.2893297047169805e-05,3.7680686246920014e-06,0.00039711966728399485,2.0551255437564113e-05,1.5579106624423518e-05,2.1286088169462016e-05,2.0135456443246914e-05,5.930203596546758e-05,5.895387042538607e-06,1.7609903570497613e-06,0.00016060244416556035,0.000959849568138644,0.00015765949884208086,1.4609154500150993e-05,0.00011841652618912207,1.1217346471267488e-05,0.0001839718754790322,5.2559978653733666e-06,0.0004407684835079328,1.290089456380909e-05,9.764457819120091e-06,0.0021084333975774612,0.009168844759005954,0.01841429042286187,0.04853884111757604,0.011907609860236394,1.1330195967118257e-05,0.00044842877699422656,2.4663814767813775e-05,0.00013604085744261168,0.0013262706250741078,0.0039040514013440413,0.008013058730538711,0.003979622701597995,2.1063194044785954e-06,0.0005288158624328689,0.005088922414041027,2.630549156133858e-05,9.3869683358508e-06,0.001129848572040969,0.0031139862810697747,0.0004698636315386935,1.9389439837855895e-05,0.012016421189771326,0.039070437372404516,0.000844202207500388,1.7358044060374414e-05,0.0018846489225779256,9.81610915669604e-06,2.0706856138942473e-05,2.3409468616794415e-06,2.7039666080380655e-06,1.1807165597321704e-05,8.447856861215093e-06,2.782643690925042e-07,1.2486811058151142e-06,0.016717814842298666,0.029932870975985158,0.18185617964666329,0.01205674139240772,0.003843392224013937,0.007806111463913608,0.0006888056094069265,0.0005013037498448913,0.0016821405968778594,0.004793626343513698,0.018626102531570113,0.00717112580612028,0.10446612749134584,0.054270913292131566,0.09189765066159492,0.04334499262355675,0.1534340599585126,0.002263786557539743,0.13254521891548204,0.09528961074171069,0.029112358851505322,0.058922819156850506,0.025685365351354503,0.21202985715946496,0.19740569339136263,0.0011634649789805042,0.07853775470151897,0.18802990538347777,0.1523897077454112,0.16136618767078942,0.14869436625231872,0.06104206097512334,0.12568617836917303,0.19974440720373451,0.17273227628552598,0.006109913752574975,0.0026766239400029456,0.015595565493333673,0.0005076036752917479,0.06552104913035571,0.11945151958321283,0.13282095417882944,0.0037089918521903556,0.0796337865569484,0.023761465248310482,0.009192319365733167,0.023101169373009527,0.04988091689322097,0.004872966414734468,0.044842827105198935,0.012711862692354544,0.1931908094001218,0.02566015060337552,0.17882594609568947,0.054412816780387306,0.0002197609359080856,2.1140944511018385e-05,0.08542023327888215,0.13618365261451687,8.46818871504331e-06,1.9642182109285496e-05,3.751331650986467e-05,1.168694753207221e-05,2.3218845336532277e-05,7.385722162443435e-05,0.1611482950278114,0.1721194005213982,0.1580947689913881,0.07883000741380071,0.08575745295015141,0.17967230490270247
0.0018529887531446984,6.183413524706188e-08,2.1779940305983565e-05,3.0114987764812445e-05,0.00039276521017694263,1.0096004938099911e-05,1.4955719699876323e-05,2.5208964206218052e-05,5.7270544044179396e-06,0.00021748370351579554,0.020688848199933645,3.4715314037856114e-06,6.200942408975677e-06,6.621300210245938e-06,5.3778935673871966e-05,4.3437061587818446e-06,1.495529597784623e-05,1.8374062237140308e-05,0.0006282039126853604,1.433674281238234e-05,3.0120691611226357e-06,2.140763251882541e-05,1.5868509451674917e-06,2.4619689661988846e-05,1.954137867125617e-05,2.109485431433504e-05,7.96048828127131e-06,8.478749317216073e-06,0.00010695291958619016,2.038802718385412e-05,5.682292793075625e-06,3.70913082885117e-06,1.2893297047169805e-05,3.7680686246920014e-06,0.00023657210403273663,2.0551255437564113e-05,1.5579106624423518e-05,2.1286088169462016e-05,2.0135456443246914e-05,3.270247185247028e-05,5.895387042538607e-06,1.7609903570497613e-06,8.974447199630262e-05,0.0005708973223575111,9.725274518897034e-05,1.4609154500150993e-05,6.146390806479579e-05,1.1217346471267488e-05,9.453391473358629e-05,5.2559978653733666e-06,0.0002486991341160626,1.290089456380909e-05,9.764457819120091e-06,0.0013714803364891185,0.005966112938957435,0.013012883898518582,0.03373939837941686,0.008180248568052776,5.812605010155787e-06,0.00025854478077146965,2.4663814767813775e-05,8.040318126465828e-05,0.0008625547734964769,0.00237663603272181,0.005129854933988941,0.002620782339955925,1.283227360406972e-06,0.00034279526903905445,0.0033838516755886313,2.630549156133858e-05,5.960873820089055e-06,0.0007240134680101398,0.002002460521904745,0.00030173874403802034,1.9389439837855895e-05,0.007804713409464612,0.02764404077027505,0.0005141543766910367,1.7358044060374414e-05,0.0011781282068047353,9.81610915669604e-06,2.0706856138942473e-05,2.3409468616794415e-06,2.7039666080380655e-06,1.1807165597321704e-05,8.447856861215093e-06,2.782643690925042e-07,1.2486811058151142e-06,0.011238286900358033,0.020409122242061168,0.16248750936135048,0.008193217023241911,0.0026305451149584136,0.005340693430805673,0.0004217339419219673,0.00029562793574337403,0.0010278284802564203,0.003057077652107,0.012581835639080843,0.00462795122088715,0.08299197346969402,0.03806003752345028,0.06893540171381536,0.03146905398381462,0.12934910710821243,0.0013684565260935855,0.10607288781622709,0.07201062483217102,0.01988263652974998,0.04394317599149102,0.01802324044745615,0.19112520521447726,0.17675510001838732,0.0006828143556877605,0.06036257201874109,0.1681943970580637,0.1300532955329111,0.13992830100798373,0.12161663174286982,0.043689856500897864,0.09689333068637299,0.17738623514406168,0.14378610549393558,0.0038792006998329743,0.001623977711387928,0.009901033442388362,0.00028852693793094124,0.047660219372483235,0.0977227553974552,0.10441512828800467,0.002328391488145766,0.05929283841498057,0.01629876363357061,0.005834963308028043,0.014963594138351228,0.03436678637749192,0.0029879492303621757,0.03198997713680894,0.008139018201595346,0.17136357187565857,0.0184382908922654,0.1577136929627988,0.041089688911858144,0.00011596203283462133,7.68240208576681e-06,0.06682152585545538,0.11340794934063261,8.46818871504331e-06,1.9642182109285496e-05,3.08796745556437e-05,1.168694753207221e-05,2.3218845336532277e-05,2.8864779628828388e-05,0.1363709961244213,0.14843623012490534,0.13295406399291151,0.05646601945558585,0.06210037574670942,0.15294017030073168
0.0011536489078925374,6.183413524706188e-08,2.1779940305983565e-05,1.3486429811183399e-05,0.00023045561114169713,1.0096004938099911e-05,1.4955719699876323e-05,2.5208964206218052e-05,5.7270544044179396e-06,0.0001238570199838411,0.014613090696579008,3.4715314037856114e-06,6.200942408975677e-06,6.621300210245938e-06,2.4296357049228012e-05,4.3437061587818446e-06,1.495529597784623e-05,1.8374062237140308e-05,0.0003767758730314904,1.433674281238234e-05,3.0120691611226357e-06,1.541148223467575e-05,1.5868509451674917e-06,2.4619689661988846e-05,1.954137867125617e-05,2.109485431433504e-05,7.96048828127131e-06,8.478749317216073e-06,5.424966677565079e-05,2.038802718385412e-05,5.682292793075625e-06,3.70913082885117e-06,1.2893297047169805e-05,3.7680686246920014e-06,0.00013738938033694049,2.0551255437564113e-05,1.5579106624423518e-05,2.1286088169462016e-05,2.0135456443246914e-05,2.821510555640801e-05,5.895387042538607e-06,1.7609903570497613e-06,4.492069907649028e-05,0.0003353025226328442,5.937978393453964e-05,1.4609154500150993e-05,3.095220670563481e-05,1.1217346471267488e-05,3.552356253839712e-05,5.2559978653733666e-06,0.00013684020526307688,1.290089456380909e-05,9.764457819120091e-06,0.0008840842835603983,0.003844890849721457,0.009089679640606243,0.022962584744970385,0.005519884347835603,5.812605010155787e-06,0.00014647432454261347,2.4663814767813775e-05,4.6006676227645636e-05,0.0005578924100891424,0.00142815652945638,0.0032393423895018167,0.0016994263471105974,1.283227360406972e-06,0.0002185276710400192,0.002229102145958074,2.630549156133858e-05,5.960873820089055e-06,0.00046179036548085994,0.001261563278736133,0.00019200013967634013,1.9389439837855895e-05,0.005019840167519001,0.01917923031318336,0.00030904737986451,1.7358044060374414e-05,0.0007282458639012319,9.81610915669604e-06,2.0706856138942473e-05,2.3409468616794415e-06,2.7039666080380655e-06,1.1807165597321704e-05,8.447856861215093e-06,2.782643690925042e-07,1.2486811058151142e-06,0.0074725336291386535,0.013724159295502237,0.14056923006013963,0.00549003540486318,0.0017799578962324541,0.0036293045665449185,0.00025195732054502534,0.00016542648035561085,0.0006221895438786695,0.0019321966904220825,0.008370964883986089,0.002955174965870629,0.06406972072898608,0.02611523870487225,0.0498616815322263,0.02237715766622522,0.10530535383427139,0.0008196235228603759,0.0810130447831443,0.05245852290289513,0.013322837348132718,0.03214740192961165,0.012423441425296057,0.16582981883235967,0.15268340789961263,0.00039503268045226996,0.04508953758276897,0.14458704246980683,0.10738621286963268,0.11708547089429655,0.09535127034797293,0.030461056292150214,0.07142862448698015,0.1513245380362944,0.1138555094351096,0.002439416501936758,0.000971895746297664,0.006258349769718174,0.00015800492561137002,0.033754857346779854,0.0772541323981854,0.07855579128287475,0.00144970292699754,0.043022332728981275,0.011059318930464438,0.0036634392945132286,0.009585682246593468,0.023214312161286325,0.0018229715662328794,0.02239994685136058,0.00515587834802173,0.14722577360276312,0.013014318166578219,0.13528491988824617,0.030382699467043077,5.07493596471009e-05,5.967138083125886e-06,0.05098914719909235,0.09165837094746034,8.46818871504331e-06,1.9642182109285496e-05,3.08796745556437e-05,1.168694753207221e-05,2.3218845336532277e-05,1.807465182370584e-05,0.11140575362095412,0.1220780555747556,0.10686880026735124,0.03946762943860235,0.04330963184244669,0.12426935924499188
0.0007101810746521906,6.183413524706188e-08,2.1779940305983565e-05,7.408481580468054e-06,0.00013173106217097977,1.0096004938099911e-05,1.4955719699876323e-05,2.5208964206218052e-05,5.7270544044179396e-06,6.750352173763235e-05,0.010230725024522871,3.4715314037856114e-06,6.200942408975677e-06,6.621300210245938e-06,1.0986117804595749e-05,4.3437061587818446e-06,1.495529597784623e-05,1.8374062237140308e-05,0.00021877947254147494,1.433674281238234e-05,3.0120691611226357e-06,1.541148223467575e-05,1.5868509451674917e-06,2.4619689661988846e-05,1.954137867125617e-05,2.109485431433504e-05,7.96048828127131e-06,8.478749317216073e-06,2.716002938601212e-05,2.038802718385412e-05,5.682292793075625e-06,3.70913082885117e-06,1.2893297047169805e-05,3.7680686246920014e-06,7.721030511193698e-05,2.0551255437564113e-05,1.5579106624423518e-05,2.1286088169462016e-05,2.0135456443246914e-05,2.821510555640801e-05,5.895387042538607e-06,1.7609903570497613e-06,2.0481360597259744e-05,0.00019410947966109392,3.4209010952531014e-05,1.4609154500150993e-05,1.5635771615647803e-05,1.1217346471267488e-05,1.3495674447251434e-05,5.2559978653733666e-06,7.298549586764254e-05,1.290089456380909e-05,9.764457819120091e-06,0.000566657800297519,0.002455069957485362,0.006269870279974145,0.015363158939573664,0.003659800165308598,5.812605010155787e-06,8.179758438195657e-05,2.4663814767813775e-05,2.810542049206668e-05,0.00035867611742319985,0.0008492773557681628,0.002020820899516195,0.00108322495079027,1.283227360406972e-06,0.0001367003388616499,0.001461244131303298,2.630549156133858e-05,5.960873820089055e-06,0.00029423872385605636,0.0007788638941433557,0.00012084283435019613,1.9389439837855895e-05,0.0031978929632784977,0.013091657474481678,0.00018200836286740723,1.7358044060374414e-05,0.0004443586597412184,9.81610915669604e-06,2.0706856138942473e-05,2.3409468616794415e-06,2.7039666080380655e-06,1.1807165597321704e-05,8.447856861215093e-06,2.782643690925042e-07,1.2486811058151142e-06,0.004918341888763998,0.009125722039295901,0.1173705753145268,0.0036367354144560514,0.0011867088166650933,0.0024520203461969887,0.0001466183710879556,8.68730118037547e-05,0.0003724521521750455,0.0012097868687962858,0.0054973174800739604,0.0018686526674599265,0.04825276718438822,0.017651469333937842,0.03498791545749142,0.015651540863124525,0.08274974325063819,0.0004837585470589863,0.05946652455460046,0.03717756176736499,0.00876902491051328,0.02311609526924161,0.008439508757011466,0.13756887410647192,0.12672894297280676,0.0002242950382254109,0.03288990647675826,0.11889374760632786,0.08587376355710542,0.09423893632420552,0.07189809404595082,0.02079217110894426,0.050800502054496086,0.12364961971896239,0.08595379534014665,0.001518342322681521,0.0005717922541868445,0.003941634126065941,7.929667138477045e-05,0.023419046708202385,0.05906710636230313,0.056937848538044865,0.0008938565158094041,0.030639807924470214,0.007447069568992316,0.0022761152447936042,0.006094077896451219,0.015457216758674678,0.001107124436207792,0.015455728160652092,0.0032388653156557256,0.12222229912968356,0.009032625779107432,0.11273459230556818,0.022006928586306086,1.7776977726281827e-05,5.967138083125886e-06,0.038063859483816916,0.07198166331355953,8.46818871504331e-06,1.9642182109285496e-05,3.08796745556437e-05,1.168694753207221e-05,2.3218845336532277e-05,1.807465182370584e-05,0.08777300671067234,0.09566069625057207,0.08235993735506239,0.02708219726579038,0.029422954620877132,0.09639311733737668
0.0004308776590068259,6.183413524706188e-08,2.1779940305983565e-05,7.408481580468054e-06,7.189627125022834e-05,1.0096004938099911e-05,1.4955719699876323e-05,2.5208964206218052e-05,5.7270544044179396e-06,3.4461371020468445e-05,0.00709015777592014,3.4715314037856114e-06,6.200942408975677e-06,6.621300210245938e-06,1.0986117804595749e-05,4.3437061587818446e-06,1.495529597784623e-05,1.8374062237140308e-05,0.00012194185063310293,1.433674281238234e-05,3.0120691611226357e-06,1.541148223467575e-05,1.5868509451674917e-06,2.4619689661988846e-05,1.954137867125617e-05,2.109485431433504e-05,7.96048828127131e-06,8.478749317216073e-06,2.284303530411394e-05,2.038802718385412e-05,5.682292793075625e-06,3.70913082885117e-06,1.2893297047169805e-05,3.7680686246920014e-06,3.843368814467796e-05,2.0551255437564113e-05,1.5579106624423518e-05,2.1286088169462016e-05,2.0135456443246914e-05,2.821510555640801e-05,5.895387042538607e-06,1.7609903570497613e-06,1.1353171551146848e-05,0.0001089385302505519,1.9254042076271357e-05,1.4609154500150993e-05,1.551660081828517e-05,1.1217346471267488e-05,1.0598663999225826e-05,5.2559978653733666e-06,3.094823788411808e-05,1.290089456380909e-05,9.764457819120091e-06,0.0003620399018712761,0.0015456423877724752,0.004276904875617175,0.010129831228327071,0.0023846673252441524,5.812605010155787e-06,3.950945855040875e-05,2.4663814767813775e-05,1.7611354001382618e-05,0.0002287847065097539,0.000504327348659675,0.0012491463308257982,0.0006776425216589175,1.283227360406972e-06,8.493588628310451e-05,0.0009518785569779842,2.630549156133858e-05,5.960873820089055e-06,0.00018671959727577402,0.00047115910023715426,7.46989833969106e-05,1.9389439837855895e-05,0.00201626375639206,0.008828015256308084,0.00010305046330180679,1.7358044060374414e-05,0.0002662936470813523,9.81610915669604e-06,2.0706856138942473e-05,2.3409468616794415e-06,2.7039666080380655e-06,1.1807165597321704e-05,8.447856861215093e-06,2.782643690925042e-07,1.2486811058151142e-06,0.0031980268065438695,0.006004786620514204,0.09447750142112912,0.0023881802202140256,0.0007801661792252915,0.0016444608801215162,8.181028977676686e-05,4.086714739743055e-05,0.00021948436178125455,0.0007490163152408868,0.003569258474450351,0.0011697833510021657,0.03556868160369811,0.011793980593205362,0.023956759653633496,0.01079744861491987,0.06287918379941869,0.00027650822217088983,0.04235593932862117,0.02585274914160935,0.005641987517208076,0.01638165170511483,0.005678351301124393,0.10883662062462207,0.10092961573886727,0.00012267188005359053,0.02353609149385163,0.0934632005234083,0.0666675462700917,0.07296302289529633,0.05241226811331355,0.013942158474670036,0.035129023820513784,0.09679085011489222,0.062270924039428535,0.0009339136691617547,0.0003279166775916483,0.002495183715742385,2.7107034757906036e-05,0.015991413117159257,0.043849699501703567,0.04013804836859505,0.0005437098594275012,0.021540663195628595,0.004983549217227765,0.001400063293560775,0.003865230111929327,0.010174016564111273,0.0006722588411368937,0.0105044395395754,0.002016253505873163,0.09798823856150518,0.006172996468716649,0.09126687404742397,0.015624070181034263,1.7776977726281827e-05,5.967138083125886e-06,0.027875070267828494,0.055051563422769324,8.46818871504331e-06,1.9642182109285496e-05,3.08796745556437e-05,1.168694753207221e-05,2.3218845336532277e-05,1.807465182370584e-05,0.06673084116529675,0.07172736640321922,0.06125639281109424,0.018308493145470235,0.01969072601686608,0.07169988982620831
0.0002567319818158651,6.183413524706188e-08,2.1779940305983565e-05,7.408481580468054e-06,3.597864767161446e-05,1.0096004938099911e-05,1.4955719699876323e-05,2.5208964206218052e-05,5.7270544044179396e-06,2.9108497577990573e-05,0.004863475874987774,3.4715314037856114e-06,6.200942408975677e-06,6.621300210245938e-06,1.0986117804595749e-05,4.3437061587818446e-06,1.495529597784623e-05,1.8374062237140308e-05,6.00808117598377e-05,1.433674281238234e-05,3.0120691611226357e-06,1.541148223467575e-05,1.5868509451674917e-06,2.4619689661988846e-05,1.954137867125617e-05,2.109485431433504e-05,7.96048828127131e-06,8.478749317216073e-06,2.284303530411394e-05,2.038802718385412e-05,5.682292793075625e-06,3.70913082885117e-06,1.2893297047169805e-05,3.7680686246920014e-06,2.2775644789597686e-05,2.0551255437564113e-05,1.5579106624423518e-05,2.1286088169462016e-05,2.0135456443246914e-05,2.821510555640801e-05,5.895387042538607e-06,1.7609903570497613e-06,1.1353171551146848e-05,5.314852544160169e-05,1.9254042076271357e-05,1.4609154500150993e-05,1.551660081828517e-05,1.1217346471267488e-05,1.0598663999225826e-05,5.2559978653733666e-06,1.6167853254244264e-05,1.290089456380909e-05,9.764457819120091e-06,0.00023006450238924298,0.0009576881040080169,0.0028879198486079756,0.0065960225034598745,0.0015272693212538152,5.812605010155787e-06,2.3230619160492143e-05,2.4663814767813775e-05,1.567664149196439e-05,0.00014393130733225077,0.0002984497764638351,0.0007663026868613967,0.0004152138923431598,1.283227360406972e-06,4.643356250460421e-05,0.0006170284720478226,2.630549156133858e-05,5.960873820089055e-06,0.00011568121123432758,0.0002765787314420716,3.7975979716129155e-05,1.9389439837855895e-05,0.0012565423894754584,0.0058938054182497025,5.0104683350670775e-05,1.7358044060374414e-05,0.0001554212789603415,9.81610915669604e-06,2.0706856138942473e-05,2.3409468616794415e-06,2.7039666080380655e-06,1.1807165597321704e-05,8.447856861215093e-06,2.782643690925042e-07,1.2486811058151142e-06,0.0020547044434352534,0.003908954441719512,0.07341550187466452,0.0015574769510280314,0.0005061592012127279,0.0010941050352955045,3.445744208683738e-05,2.165147022645434e-05,0.00012530293696773621,0.0004571066882337754,0.0022940759577567524,0.0007240493051953285,0.02574853506310568,0.007799360330713423,0.016078781017365155,0.007371830709225556,0.04637955031391783,0.00015072055598117952,0.029540534990343415,0.01774784560596615,0.0035556821760756234,0.011459098835836012,0.0037963479867236718,0.08229367274704025,0.07724467191379539,5.9747731760638394e-05,0.016594592887955093,0.07049553106243303,0.050414056005735834,0.05453382762543435,0.037160743855592045,0.009200209957188768,0.023781798460821606,0.07282301450001201,0.04364777830939397,0.0005662120734183723,0.00018133955954211713,0.0015813615275607335,8.171373214865349e-06,0.01078336525492102,0.03177196045330993,0.02772683473029489,0.00032500765645568683,0.015000578038986127,0.0033133235846123906,0.0008518242291676089,0.002445436557808896,0.006633418431303845,0.00040395843273720875,0.00704817083729942,0.0012440522694212408,0.07597351597050364,0.004159460041647407,0.07186727620081922,0.010883953274978429,1.7776977726281827e-05,5.967138083125886e-06,0.020068675566724262,0.04112090293538614,8.46818871504331e-06,1.9642182109285496e-05,3.08796745556437e-05,1.168694753207221e-05,2.3218845336532277e-05,1.807465182370584e-05,0.04907532105511955,0.051864574185920276,0.04432580689047143,0.012211251171062582,0.013069728287957905,0.05152888231490099
