[0.99915071 0.04120518],[ 0.97778086 -0.20962967],[ 0.97021199 -0.24225748],[ 0.83365054 -0.55229229],[ 0.9893291  -0.14569809],[0.99996696 0.00812872],[ 0.99892976 -0.04625288],[0.98906977 0.14744823],[0.91554306 0.40221997],[ 0.83433832 -0.55125272],[ 0.91873367 -0.39487775],[0.99953324 0.03055004],[ 0.99462015 -0.10358934],[ 0.92958471 -0.36860856],[0.97876029 0.20500804],[0.99962008 0.02756261],[0.98841236 0.15179262],[ 0.99755432 -0.06989555],[ 0.95069373 -0.31013133],[0.96684595 0.25536037],[ 0.99417354 -0.10779132],[ 0.94513297 -0.3266859 ],[ 0.98460334 -0.17480353],[0.9767201  0.21451772],[ 0.98195436 -0.18911804],[ 0.9294719  -0.36889293],[0.97426579 0.22540226],[0.95692302 0.29034174],[ 0.95408436 -0.29953804],[ 0.97992731 -0.19935512],[0.99999527 0.00307696],[ 0.96720027 -0.25401504],[ 0.94007239 -0.34097493],[ 0.82437775 -0.56604003],[0.97242928 0.23319797],[ 0.99215583 -0.12500723],[ 0.99999909 -0.00134899],[0.997471   0.07107457],[ 0.87313301 -0.48748206],[ 0.98416258 -0.17726823],[ 0.93010262 -0.36729975],[ 0.97913972 -0.20318812],[ 0.99759812 -0.06926753],[0.91870584 0.3949425 ],[ 0.89191983 -0.45219356],[0.98278894 0.18473195],[0.96222948 0.27223966],[ 0.92262605 -0.38569569],[ 0.93804451 -0.34651478],[ 0.88973747 -0.4564726 ],[ 0.87419892 -0.48556796],[ 0.82053791 -0.57159211],[0.98181124 0.18985964],[ 0.9810303  -0.19385445],[ 0.99841697 -0.05624543],[ 0.8892648  -0.45739273],[0.96239814 0.2716428 ],[ 0.93172202 -0.36317225],[0.97797767 0.20870953],[0.95286149 0.30340564],[0.97937002 0.20207515],[ 0.89161814 -0.45278813],[ 0.917472   -0.39780036],[0.93721899 0.3487414 ],[ 0.98329675 -0.1820096 ],[ 0.93563989 -0.35295608],[ 0.91097043 -0.41247167],[ 0.8986838  -0.43859711],[ 0.96797781 -0.25103576],[ 0.93199584 -0.36246897],[ 0.93572123 -0.3527404 ],[ 0.90355469 -0.42847278],[ 0.9080119  -0.41894437],[ 0.90866249 -0.41753142],[0.99491354 0.10073259],[ 0.93492674 -0.3548408 ],[ 0.98666453 -0.162767  ],[0.97940067 0.20192654],[ 0.91502218 -0.40340353],[0.99769085 0.0679188 ],[ 9.99999942e-01 -3.40043383e-04],[0.99438997 0.1057761 ],[0.99984693 0.01749622],[0.99990643 0.01367958],[ 0.92658451 -0.37608661],[0.99782913 0.06585618],[ 0.97474955 -0.22330096],[ 0.92813565 -0.37224213],[0.94226436 0.33486994],[0.9696096  0.24465737],[ 1. -0.],[0.95024865 0.31149238],[ 0.90402335 -0.42748307],[ 0.88843827 -0.45899612],[ 0.85367203 -0.52081096],[ 0.94856744 -0.31657512],[0.99991943 0.01269368],[ 0.99588742 -0.09059941],[ 0.97242027 -0.23323554],[0.97685585 0.21389867],[ 0.9738989  -0.22698223],[0.98381796 0.17917095],[ 0.93545434 -0.35344757],[0.98508954 0.17204245],[ 0.99980255 -0.01987093],[0.85990992 0.51044581],[ 0.99984042 -0.01786432],[0.96193001 0.2732959 ],[ 0.8842509  -0.46701215],[ 0.91730065 -0.39819533],[0.92266558 0.38560113],[ 1. -0.],[ 1. -0.],[ 0.87591385 -0.48246754],[0.97293119 0.23109502],[ 1. -0.],[ 0.97544104 -0.22026071],[0.99028411 0.13905891],[0.98590974 0.16727819],[ 0.88177897 -0.47166286],[0.99178598 0.12790847],[ 1. -0.],[0.9917834  0.12792845],[ 0.92858576 -0.37111789],[ 0.90185467 -0.43203952],[ 0.99995639 -0.00933907],[0.85990992 0.51044581],[0.99988453 0.015196  ],[0.9935117  0.11372999],[ 0.99905731 -0.04341069],[ 0.99772876 -0.06735969],[9.99999922e-01 3.94016062e-04],[ 0.9999158  -0.01297686],[ 0.99997927 -0.00643953],[0.9936512  0.11250467],[0.99984333 0.01770083],[0.94629307 0.3233101 ],[0.9996781  0.02537122],[0.95618242 0.29277153],[ 1. -0.],[ 0.92262699 -0.38569346],[1. 0.],[ 0.94419563 -0.3293852 ],[0.77200883 0.6356118 ],[ 0.99693764 -0.07820066],[ 0.98955178 -0.14417795],[ 0.99426791 -0.10691734],[0.9687792  0.24792512],[0.95071429 0.31006829],[ 0.99918497 -0.04036576],[ 0.83853723 -0.5448443 ],[ 0.95280865 -0.30357153],[0.77181183 0.63585101],[ 0.94477604 -0.32771669],[ 0.99711398 -0.07591916],[0.88458285 0.46638308],[0.9624186  0.27157031],[0.99800643 0.06311229],[ 0.99834653 -0.05748224]
[ 0.99997517 -0.00704665],[0.99709936 0.07611089],[ 0.99331942 -0.11539731],[ 0.89258981 -0.45086964],[ 0.98429669 -0.17652201],[ 0.99647188 -0.08392728],[0.9989446  0.04593142],[0.99976727 0.02157334],[ 0.9989678  -0.04542398],[ 0.94797048 -0.31835824],[ 0.98919266 -0.14662159],[0.99876997 0.04958376],[ 0.99989966 -0.01416606],[ 0.99630585 -0.08587579],[ 0.99998915 -0.00465888],[0.99492792 0.10059039],[0.99901123 0.04445846],[0.9999718  0.00750952],[ 0.96450102 -0.26407911],[0.97454917 0.22417385],[ 0.99745969 -0.07123316],[ 0.96826087 -0.24994175],[ 0.99015682 -0.13996242],[0.99721149 0.0746274 ],[ 0.98898276 -0.14803076],[ 0.99854264 -0.05396855],[0.99644404 0.08425717],[ 0.99737589 -0.07239701],[ 0.99543965 -0.09539338],[ 0.99623388 -0.08670672],[0.9999903  0.00440498],[ 0.96720027 -0.25401504],[ 0.97870571 -0.20526846],[ 0.82437775 -0.56604003],[0.99450851 0.10465573],[ 0.99787883 -0.06509868],[ 0.99003732 -0.14080521],[ 0.99761351 -0.06904551],[ 0.86409548 -0.50332792],[ 0.99365968 -0.1124297 ],[ 0.98257418 -0.18587085],[ 0.99507541 -0.09912078],[ 0.9893749  -0.14538676],[0.96293737 0.26972509],[ 0.91306082 -0.40782343],[0.99952992 0.03065852],[0.98963073 0.14363501],[0.99765057 0.06850792],[ 0.96793409 -0.2512043 ],[ 0.87820667 -0.47828135],[ 0.9879707  -0.15464118],[ 0.79012867 -0.61294101],[0.99945188 0.03310504],[ 0.97771484 -0.20993736],[ 0.99130526 -0.1315822 ],[ 0.98965516 -0.1434666 ],[0.98636871 0.16455022],[ 0.9896955  -0.14318805],[0.98937274 0.14540148],[0.98833478 0.15229696],[0.98896322 0.14816123],[ 0.99576049 -0.09198398],[ 0.98801761 -0.15434119],[0.97440811 0.22478621],[0.99990615 0.01370034],[ 0.99132096 -0.1314639 ],[ 0.93041249 -0.36651412],[ 0.99312537 -0.11705555],[ 0.98360405 -0.18034152],[ 0.97901007 -0.2038119 ],[0.99765749 0.06840712],[ 0.97041579 -0.24143984],[ 0.98279857 -0.18468072],[ 0.9714619  -0.23719565],[ 0.99684309 -0.07939678],[ 0.99670274 -0.0811397 ],[ 0.99744886 -0.07138461],[0.99461884 0.10360195],[ 0.99278344 -0.11992097],[0.99947652 0.03235268],[ 0.98683643 -0.16172158],[ 0.99956487 -0.02949686],[ 0.99533628 -0.09646595],[ 0.99509839 -0.09888986],[ 0.99271655 -0.12047346],[ 0.99556523 -0.09407378],[ 0.99679151 -0.08004179],[ 0.98420122 -0.17705357],[0.99812923 0.06113954],[0.9996746  0.02550878],[ 1. -0.],[0.99195239 0.12661147],[ 0.98018877 -0.1980656 ],[ 0.98649937 -0.16376503],[ 0.95091826 -0.30944218],[ 0.96417805 -0.2652559 ],[ 0.99994353 -0.01062724],[ 0.99924102 -0.03895351],[ 0.99795089 -0.06398458],[0.99998345 0.00575388],[ 0.98965802 -0.14344688],[0.99973102 0.02319255],[ 0.9950646  -0.09922924],[0.99289453 0.11899768],[ 0.99810637 -0.06151151],[0.97597965 0.2178617 ],[ 0.99946164 -0.03280907],[0.99845641 0.05554098],[ 0.99773283 -0.06729928],[ 0.98857553 -0.15072631],[0.99047525 0.1376909 ],[ 1. -0.],[ 1. -0.],[ 0.9861364  -0.16593673],[0.98954853 0.1442002 ],[ 1. -0.],[ 0.99027096 -0.13915252],[0.99283233 0.11951558],[0.99693993 0.07817143],[ 0.99548613 -0.09490719],[0.99711207 0.07594424],[ 1. -0.],[0.99711984 0.07584217],[ 0.99605322 -0.08875804],[ 0.99245674 -0.12259532],[ 0.99802765 -0.06277581],[0.9676037  0.25247393],[ 0.99974195 -0.02271629],[0.99435934 0.10606366],[ 0.99986    -0.01673239],[ 0.98864032 -0.15030076],[ 0.99495501 -0.10032211],[ 0.99422697 -0.10729743],[ 0.99795886 -0.06386018],[0.99951849 0.0310288 ],[ 0.999233   -0.03915885],[0.99021619 0.13954172],[ 0.99534927 -0.09633185],[0.99139455 0.13090774],[ 1. -0.],[ 0.98289597 -0.18416163],[1. 0.],[ 0.9870913  -0.16015855],[0.95261569 0.30417652],[0.99846354 0.05541266],[ 0.99933853 -0.0363663 ],[ 0.99931527 -0.03699988],[0.97136903 0.23757568],[0.98933933 0.14562859],[ 0.99422522 -0.10731363],[ 0.88810209 -0.45964625],[ 0.97637482 -0.2160838 ],[0.96120964 0.27581882],[ 0.9960777  -0.08848287],[ 0.99817103 -0.06045327],[0.97830179 0.20718495],[0.98786817 0.15529481],[0.99973937 0.02282957],[ 0.99965445 -0.02628659]
[0.99998055 0.00623689],[0.99979717 0.02013994],[ 0.99243167 -0.12279813],[ 0.98448906 -0.175446  ],[ 0.99055053 -0.13714825],[ 0.97985354 -0.19971738],[ 0.99988641 -0.01507206],[ 0.99307785 -0.11745797],[ 0.99804315 -0.06252895],[ 0.98691401 -0.16124744],[ 0.99980081 -0.01995866],[ 0.99999032 -0.00439924],[ 0.99637883 -0.08502481],[ 0.99799785 -0.06324792],[ 0.99987096 -0.01606423],[0.99874895 0.05000536],[0.99924008 0.03897774],[ 0.99603802 -0.08892839],[ 0.98484775 -0.17342116],[0.99340669 0.1146436 ],[ 0.99824119 -0.05928345],[ 0.98940509 -0.14518113],[ 0.9845263  -0.17523687],[ 0.99997251 -0.00741469],[ 0.98257901 -0.18584533],[ 0.99904759 -0.04363376],[ 0.9999976  -0.00218895],[ 0.99780747 -0.06618343],[ 0.99687071 -0.07904924],[ 0.99326725 -0.11584542],[0.99998795 0.0049086 ],[ 0.98216115 -0.18804115],[ 0.97106047 -0.23883376],[ 0.95925013 -0.28255828],[0.99803969 0.06258423],[ 0.99886641 -0.04760134],[ 0.99698181 -0.07763556],[ 0.99990318 -0.0139152 ],[ 0.97710769 -0.21274531],[ 0.99507587 -0.09911621],[ 0.99957736 -0.02907059],[ 0.99647962 -0.08383538],[ 0.99257272 -0.12165281],[0.98931199 0.1458142 ],[ 0.94547606 -0.3256916 ],[ 0.99919595 -0.04009309],[0.99659665 0.08243254],[0.98728181 0.15897994],[ 0.98979072 -0.14252833],[ 0.97569161 -0.21914808],[ 0.99450179 -0.10471954],[ 0.95882493 -0.28399781],[ 0.99914714 -0.04129163],[ 0.98887643 -0.14873938],[ 0.99743671 -0.07155429],[ 0.99988005 -0.0154882 ],[0.9930724  0.11750408],[ 0.99631867 -0.08572698],[0.9948136  0.10171476],[0.99781636 0.06604928],[0.99460402 0.10374408],[0.99952318 0.03087748],[ 0.99651675 -0.08339287],[0.99186144 0.12732195],[0.99910458 0.04230874],[ 0.99687288 -0.07902186],[ 0.95782057 -0.28736693],[ 0.99968115 -0.02525062],[ 0.99394541 -0.10987503],[ 0.98124368 -0.19277148],[0.98858533 0.15066202],[ 0.99117883 -0.13253123],[ 0.9952186  -0.09767257],[ 0.99032316 -0.13878057],[ 0.99770124 -0.067766  ],[ 0.99862471 -0.05242798],[ 0.99938797 -0.03498109],[0.99803722 0.06262353],[0.99947194 0.03249386],[0.99989436 0.01453489],[ 0.99301646 -0.11797591],[ 0.99885302 -0.04788156],[ 0.97838564 -0.20678864],[ 0.98083363 -0.1948471 ],[0.99933885 0.03635739],[ 0.9992366  -0.03906688],[ 0.993789   -0.11128086],[ 0.98456522 -0.1750181 ],[0.9992352  0.03910268],[ 0.9999952  -0.00309734],[ 1. -0.],[0.99886718 0.04758533],[ 0.99374367 -0.11168494],[ 0.99891427 -0.04658623],[ 0.98641824 -0.16425305],[ 0.98562634 -0.16893997],[0.99998422 0.00561861],[ 0.99907393 -0.04302645],[ 0.99991472 -0.01305993],[0.99999876 0.00157754],[ 0.99671874 -0.08094287],[ 0.99999731 -0.00231928],[ 0.99884879 -0.04796978],[0.99699201 0.07750436],[ 0.9982799  -0.05862797],[0.99868336 0.05129863],[ 0.99987351 -0.01590511],[0.99989124 0.01474794],[ 0.99968954 -0.02491628],[ 0.99947054 -0.03253676],[0.99902444 0.04416081],[ 1. -0.],[ 1. -0.],[ 0.99480011 -0.10184665],[0.99555285 0.09420467],[ 1. -0.],[ 0.99658121 -0.08261894],[0.99589142 0.09055539],[0.99999546 0.0030144 ],[ 0.9994862  -0.03205201],[0.99846627 0.05536337],[ 1. -0.],[0.99845527 0.05556135],[ 0.9979746  -0.06361368],[ 0.99763529 -0.06873005],[ 0.99721424 -0.07459064],[0.99664506 0.08184511],[ 0.9996449  -0.02664734],[0.99662463 0.08209352],[0.99994728 0.01026836],[ 0.9968925  -0.07877399],[ 0.99446044 -0.10511152],[ 0.99595057 -0.08990254],[ 0.99700101 -0.07738858],[ 0.99990079 -0.01408587],[ 0.99796948 -0.06369394],[0.99987213 0.01599159],[ 0.99598673 -0.08950102],[0.99908214 0.04283554],[ 1. -0.],[ 0.99335751 -0.11506891],[1. 0.],[ 0.99501002 -0.09977502],[0.99704352 0.07683887],[ 0.99987139 -0.01603732],[ 0.99974175 -0.02272499],[ 0.99962504 -0.027382  ],[0.99106    0.13341691],[ 0.99999469 -0.00325782],[ 0.99844342 -0.05577396],[ 0.98160929 -0.19090105],[ 0.98157338 -0.19108557],[0.99985711 0.01690423],[ 0.99889717 -0.04695161],[ 0.99949071 -0.03191117],[0.9954872  0.09489588],[0.99500104 0.09986457],[ 0.99997455 -0.0071341 ],[0.99998232 0.00594713]
[0.99999239 0.00390185],[ 0.99697933 -0.07766735],[ 0.99348987 -0.11392045],[ 0.99876574 -0.04966888],[ 0.99394231 -0.10990309],[ 0.95095165 -0.30933954],[ 0.99870157 -0.05094286],[ 0.98338094 -0.18155419],[ 0.99880859 -0.04879953],[ 0.99775006 -0.06704343],[0.99994644 0.01034954],[ 0.99842065 -0.05618013],[ 0.99488119 -0.10105155],[ 0.99875227 -0.04993903],[ 0.99988147 -0.01539644],[ 0.9998025  -0.01987351],[0.99999833 0.00182524],[ 0.99125233 -0.13198038],[ 0.99378501 -0.11131646],[0.99821753 0.05968052],[ 0.9999914  -0.00414846],[ 0.99481363 -0.10171456],[ 0.98230344 -0.18729645],[ 0.99998109 -0.00615036],[ 0.980802   -0.19500626],[ 0.99876322 -0.04971943],[ 0.99999796 -0.00202211],[ 0.99799332 -0.06331922],[ 0.99785866 -0.06540715],[ 0.9910955  -0.13315297],[0.99861399 0.05263165],[ 0.99822779 -0.05950863],[ 0.96749385 -0.25289453],[ 0.99675895 -0.08044624],[0.9996878  0.02498621],[0.99999554 0.00298548],[ 0.99802463 -0.06282389],[0.99972931 0.02326621],[ 0.99938322 -0.03511673],[ 0.99384642 -0.11076685],[0.99998629 0.00523661],[ 0.99528261 -0.09701822],[ 0.99438845 -0.10579042],[0.99955643 0.02978152],[ 0.98319312 -0.1825686 ],[ 0.99393278 -0.10998919],[ 9.99999834e-01 -5.75694178e-04],[0.9905453  0.13718606],[ 0.99494313 -0.10043987],[ 0.99804956 -0.06242663],[ 0.9973935  -0.07215408],[ 0.99814979 -0.060803  ],[ 0.99380699 -0.11112007],[ 0.98718933 -0.15955322],[ 0.99972671 -0.02337765],[0.99999503 0.00315408],[0.99649098 0.08370021],[ 0.99841808 -0.05622573],[ 0.99992382 -0.01234305],[ 0.99999143 -0.00414007],[ 0.99991125 -0.0133224 ],[0.99716457 0.07525175],[ 0.99980653 -0.01967004],[0.99946904 0.03258282],[0.99951936 0.03100076],[ 0.99861165 -0.05267604],[ 0.98498786 -0.17262362],[0.99973533 0.02300602],[ 0.99095588 -0.13418812],[ 0.98348391 -0.18099557],[0.99222544 0.12445348],[ 0.99254496 -0.12187901],[ 0.9986022  -0.05285489],[ 0.99247356 -0.12245909],[ 0.99801148 -0.06303236],[ 0.99880361 -0.04890133],[ 0.99968366 -0.02515132],[0.9997205  0.02364151],[0.9989967  0.04478383],[0.99998853 0.00478969],[ 0.99910959 -0.04219048],[ 0.99701362 -0.07722592],[ 0.95765651 -0.28791321],[ 0.96071254 -0.27754533],[0.99835333 0.05736396],[ 0.99998954 -0.00457401],[ 0.98543588 -0.17004743],[ 0.98543889 -0.17002999],[0.99941055 0.0343301 ],[ 0.9999638  -0.00850909],[ 1. -0.],[0.99997391 0.0072234 ],[ 0.99980355 -0.01982085],[0.99999591 0.00285907],[ 0.99625735 -0.08643663],[ 0.99434092 -0.10623618],[0.99998471 0.00552992],[ 0.99929237 -0.03761341],[ 0.99998225 -0.00595871],[0.99997777 0.00666791],[ 0.99907777 -0.04293727],[ 0.99996827 -0.00796598],[ 0.99968383 -0.02514439],[0.9989435  0.04595526],[ 0.99907707 -0.04295346],[ 0.99945052 -0.03314606],[0.99998923 0.00464184],[ 0.9999535  -0.00964359],[ 0.99972976 -0.02324652],[0.99998531 0.00542109],[0.99999245 0.00388574],[ 1. -0.],[ 1. -0.],[ 0.99759893 -0.06925588],[0.99827217 0.0587595 ],[ 1. -0.],[ 0.99899768 -0.04476205],[0.99873092 0.05036425],[ 0.99891827 -0.04650042],[ 0.999939   -0.01104544],[0.99930145 0.03737131],[ 1. -0.],[0.99929267 0.03760519],[ 0.99832647 -0.0578295 ],[ 0.99866545 -0.05164608],[ 0.99704288 -0.07684716],[ 0.99994883 -0.01011606],[ 0.99945226 -0.03309348],[0.99908871 0.042682  ],[0.99960236 0.0281979 ],[ 0.99970443 -0.02431168],[ 0.99623244 -0.08672328],[ 0.99836582 -0.05714613],[ 0.99677104 -0.08029625],[ 0.99931659 -0.03696431],[ 0.99745462 -0.07130408],[ 0.99856314 -0.05358776],[ 0.99806686 -0.06214943],[ 0.99999718 -0.00237376],[ 1. -0.],[ 0.99690853 -0.07857085],[1. 0.],[ 0.99754289 -0.07005848],[ 0.99988774 -0.01498376],[ 0.99868468 -0.05127294],[ 0.99970999 -0.02408188],[ 0.99957877 -0.02902207],[0.99775563 0.06696053],[ 0.99956867 -0.02936797],[ 0.99857058 -0.05344899],[ 0.99889964 -0.04689903],[ 0.9855215  -0.16955052],[ 0.99903485 -0.04392466],[ 0.99964872 -0.02650357],[ 0.99997455 -0.00713451],[0.99968047 0.02527753],[0.99809595 0.06168042],[ 0.9996882  -0.02496987],[0.99958986 0.02863752]
[ 0.99988651 -0.01506546],[ 0.99452235 -0.10452414],[ 0.99136802 -0.13110854],[ 0.99989864 -0.01423736],[ 0.99435199 -0.10613258],[ 0.93892098 -0.34413282],[ 0.99797361 -0.06362921],[ 0.9845364  -0.17518013],[ 0.99868257 -0.0513139 ],[ 0.9994851  -0.03208643],[0.99973913 0.02284008],[ 0.99564383 -0.09323818],[ 0.99405729 -0.1088582 ],[ 0.99898076 -0.04513792],[ 0.99954607 -0.03012731],[ 0.9975772 -0.0695681],[ 0.99979824 -0.02008702],[ 0.99064345 -0.13647549],[ 0.99697657 -0.0777027 ],[0.99912702 0.04177559],[0.99556862 0.09403788],[ 0.99792002 -0.06446423],[ 0.99080999 -0.1352611 ],[0.99999867 0.0016282 ],[ 0.99066541 -0.13631594],[ 0.99862797 -0.0523658 ],[0.99998157 0.00607113],[ 0.99690908 -0.07856384],[ 0.99887236 -0.04747631],[ 0.9938791  -0.11047323],[0.99642485 0.08448385],[9.99999807e-01 6.21702682e-04],[ 0.97492228 -0.2225456 ],[ 0.99988977 -0.01484734],[ 0.99985249 -0.0171758 ],[0.99605423 0.0887467 ],[ 0.99870185 -0.05093737],[0.99956861 0.02937   ],[0.99946833 0.0326045 ],[ 0.99136356 -0.13114224],[ 0.99858539 -0.05317164],[ 0.9927858  -0.11990143],[ 0.99400788 -0.10930844],[ 0.99897784 -0.04520257],[ 0.99501406 -0.09973473],[ 0.99092989 -0.13437985],[ 0.9992798  -0.03794583],[0.99823901 0.05932021],[ 0.9978151  -0.06606832],[ 0.99996307 -0.00859453],[ 0.99908786 -0.04270174],[0.99996372 0.00851817],[ 0.99065294 -0.13640656],[ 0.98912618 -0.1470694 ],[0.9999981  0.00194789],[0.99979912 0.02004313],[0.99859273 0.05303359],[ 0.99917895 -0.04051448],[ 0.99815189 -0.06076852],[ 0.99920601 -0.03984156],[ 0.99813002 -0.06112664],[0.99775903 0.06690972],[0.99999854 0.00170823],[ 0.99936523 -0.03562484],[ 0.99999947 -0.00102608],[ 0.99925241 -0.03866039],[ 0.99469094 -0.10290741],[0.99964231 0.02674432],[ 0.99095588 -0.13418812],[ 0.9876443  -0.15671229],[0.998734 0.050303],[ 0.99432725 -0.10636406],[ 0.99967951 -0.02531559],[ 0.99471531 -0.10267155],[ 0.99704473 -0.07682326],[ 0.99861811 -0.05255346],[ 0.99953194 -0.03059237],[ 0.99980879 -0.01955481],[ 0.99964604 -0.02660453],[ 0.99993985 -0.01096807],[ 0.99994138 -0.01082734],[ 0.99574416 -0.09216061],[ 0.94893465 -0.3154727 ],[ 0.95221004 -0.30544399],[ 0.99986109 -0.01666739],[0.99999735 0.00230237],[ 0.98577075 -0.16809529],[ 0.99021335 -0.13956187],[0.99971537 0.02385758],[ 0.99988004 -0.01548863],[ 1. -0.],[ 0.99955543 -0.02981509],[0.99967905 0.02533358],[0.99953582 0.03046533],[ 0.99878203 -0.04934027],[ 0.99754418 -0.07004007],[ 0.99990906 -0.01348623],[ 0.99930293 -0.03733164],[ 0.99984061 -0.01785372],[0.99998898 0.00469503],[ 0.99980106 -0.01994572],[ 0.9998812  -0.01541375],[ 0.99984355 -0.01768803],[0.99917752 0.04054982],[ 0.99965874 -0.02612272],[ 0.99787381 -0.06517561],[ 0.99996144 -0.00878205],[ 0.99957103 -0.02928747],[ 0.99945455 -0.03302441],[0.99986558 0.01639605],[ 0.99955672 -0.02977171],[ 1. -0.],[ 1. -0.],[ 0.9990283 -0.0440732],[0.99883993 0.04815383],[ 1. -0.],[ 0.99979648 -0.02017405],[0.99941    0.03434621],[ 0.99740058 -0.07205616],[ 0.9999651 -0.0083551],[0.99986657 0.01633511],[ 1. -0.],[0.99987062 0.01608577],[ 0.99829007 -0.05845453],[ 0.99915927 -0.04099688],[ 0.99787715 -0.06512445],[ 0.99917002 -0.04073416],[ 0.99892448 -0.04636687],[0.99950005 0.03161736],[0.99926733 0.03827267],[0.99999318 0.00369269],[ 0.9979158  -0.06452948],[ 0.99960089 -0.02824995],[ 0.99775905 -0.06690953],[ 0.99858403 -0.05319716],[ 0.9975945  -0.06931968],[ 0.99655047 -0.08298894],[ 0.99926221 -0.03840608],[ 0.99947744 -0.03232417],[ 1. -0.],[ 0.99867161 -0.05152693],[1. 0.],[ 0.99892792 -0.04629256],[ 0.99908184 -0.04284245],[ 0.99805703 -0.062307  ],[ 0.9996845 -0.0251177],[ 0.99955338 -0.02988389],[0.99948922 0.03195762],[ 0.99977757 -0.0210906 ],[ 0.99905801 -0.04339473],[9.99999911e-01 4.21455570e-04],[ 0.99253946 -0.12192381],[ 0.99883764 -0.04820129],[ 0.99988446 -0.01520107],[ 0.99991574 -0.01298124],[ 0.99997248 -0.00741864],[0.99955927 0.02968618],[ 0.99946052 -0.03284295],[0.99913122 0.04167511]
[0.99870732 0.05083005],[ 0.99653954 -0.08312001],[ 0.98723927 -0.15924392],[ 9.99999898e-01 -4.50623222e-04],[ 0.99991397 -0.01311697],[ 0.91967676 -0.39267628],[ 0.99756918 -0.06968304],[ 0.9851064  -0.17194589],[ 0.99961048 -0.02790863],[ 0.99991471 -0.01306015],[0.99976049 0.02188503],[ 0.99887656 -0.04738793],[ 0.99139066 -0.13093723],[ 0.99886515 -0.04762778],[ 0.99970961 -0.02409751],[ 0.99989182 -0.01470879],[ 0.9988089 -0.0487933],[ 0.98825893 -0.1527884 ],[ 0.998625   -0.05242248],[0.99936624 0.03559663],[0.98019536 0.19803295],[ 0.99974    -0.02280184],[ 0.99976617 -0.02162402],[0.99996508 0.00835701],[ 0.99973787 -0.02289543],[ 0.99836562 -0.05714973],[0.9999089 0.0134975],[ 0.99842615 -0.05608228],[ 0.99892978 -0.04625252],[ 0.99776129 -0.06687603],[0.98672392 0.16240662],[0.99995227 0.00977008],[ 0.97345506 -0.22887823],[ 0.9999004  -0.01411377],[ 0.99938262 -0.03513364],[0.98425893 0.17673247],[ 0.9989504  -0.04580494],[0.99783908 0.06570523],[0.99937533 0.03534062],[ 0.99721005 -0.07464663],[ 0.99462803 -0.10351368],[ 0.99722741 -0.07441438],[ 0.99935799 -0.03582746],[ 0.97926952 -0.2025616 ],[ 0.99390049 -0.11028061],[ 0.98362442 -0.1802304 ],[ 0.98806189 -0.15405744],[ 0.99993713 -0.01121341],[ 0.99954647 -0.03011407],[ 9.99999508e-01 -9.91586568e-04],[ 0.99930532 -0.03726759],[0.99998695 0.00510799],[ 0.98360309 -0.18034677],[ 0.99014417 -0.14005186],[0.99991285 0.01320169],[0.99979812 0.02009281],[ 0.99956191 -0.02959714],[ 0.99971465 -0.02388778],[ 0.98831079 -0.15245259],[ 0.98615477 -0.16582753],[ 0.98781413 -0.15563821],[0.99845419 0.05558092],[ 9.99999931e-01 -3.72630088e-04],[ 0.98409286 -0.17765483],[0.99936535 0.03562169],[ 0.99973074 -0.02320441],[ 0.99470975 -0.10272542],[0.99972189 0.02358263],[ 0.99095588 -0.13418812],[ 0.98393578 -0.17852278],[ 0.99985857 -0.01681809],[ 0.99172876 -0.12835132],[ 1.00000000e+00 -9.38134526e-06],[ 0.99210229 -0.12543141],[ 0.99872793 -0.05042335],[ 0.99718408 -0.0749927 ],[ 0.99954262 -0.03024141],[ 0.99874454 -0.05009333],[ 0.99609579 -0.08827896],[ 0.99910905 -0.04220318],[0.99927109 0.0381745 ],[ 0.99467986 -0.10301445],[ 0.93194872 -0.36259009],[ 0.93769272 -0.34746562],[ 0.99645628 -0.08411234],[0.99885582 0.04782306],[ 0.98115784 -0.19320792],[ 0.98747865 -0.15775268],[0.99991988 0.01265805],[ 0.99982712 -0.01859392],[ 1. -0.],[ 0.99827476 -0.05871551],[0.99978293 0.0208347 ],[0.99970199 0.02441152],[ 0.99976946 -0.02147152],[ 0.99915782 -0.04103242],[0.9978116  0.06612117],[ 0.99843239 -0.05597103],[ 0.99976014 -0.02190134],[ 9.99999995e-01 -9.77788914e-05],[ 0.99997403 -0.0072065 ],[ 0.99981927 -0.01901113],[ 0.99984137 -0.01781123],[0.99960658 0.02804799],[ 0.99995418 -0.00957292],[ 0.99928007 -0.03793855],[ 0.99983954 -0.01791352],[ 0.99941023 -0.03433927],[ 0.99845788 -0.0555146 ],[0.99986116 0.01666338],[ 0.99841008 -0.05636762],[ 1. -0.],[ 1. -0.],[ 0.9988232  -0.04849961],[0.99949092 0.03190459],[ 1. -0.],[ 0.99998261 -0.0058972 ],[0.99979146 0.02042131],[ 0.99650087 -0.08358243],[ 0.99990863 -0.01351805],[ 0.99999325 -0.00367367],[ 1. -0.],[ 0.99998667 -0.0051636 ],[ 0.99699812 -0.07742582],[ 0.99849522 -0.05483875],[ 0.99621445 -0.08692966],[ 0.99988747 -0.01500152],[ 0.99880475 -0.04887806],[0.99976981 0.02145518],[0.9995374  0.03041359],[0.99988611 0.01509204],[ 0.99916739 -0.04079863],[0.99998689 0.00512137],[ 0.9959187  -0.09025489],[ 0.99981406 -0.01928343],[ 0.99973981 -0.02281036],[ 0.99922535 -0.03935365],[ 0.99994434 -0.01055103],[0.99996275 0.00863081],[ 1. -0.],[ 0.99957514 -0.02914687],[1. 0.],[ 0.99965155 -0.02639643],[ 0.99987389 -0.01588096],[ 0.99766914 -0.06823705],[ 0.99971476 -0.02388292],[ 0.99959717 -0.0283814 ],[0.99986103 0.01667083],[9.99999945e-01 3.30816267e-04],[ 0.99977053 -0.02142183],[0.9996355  0.02699742],[ 0.99809624 -0.06167573],[ 0.99965218 -0.02637274],[ 0.99996728 -0.0080899 ],[ 0.99984827 -0.01741963],[ 0.99980318 -0.01983917],[ 0.99919406 -0.04014012],[ 0.99998108 -0.00615062],[0.99893583 0.04612161]
[0.99961171 0.02786458],[ 0.99777429 -0.06668181],[ 0.99269182 -0.12067701],[ 0.99999639 -0.0026852 ],[ 0.99938713 -0.03500516],[ 0.94424078 -0.32925576],[ 0.99920672 -0.03982371],[ 0.99300179 -0.11809926],[ 0.99989222 -0.01468182],[ 0.99998811 -0.00487557],[0.99988609 0.01509309],[ 0.99808301 -0.06188944],[ 0.99577576 -0.09181849],[ 0.99984826 -0.0174203 ],[ 0.99966095 -0.02603809],[ 0.9990318 -0.0439939],[ 0.99939039 -0.03491206],[ 0.99449993 -0.10473722],[ 0.99846239 -0.05543338],[ 0.99999711 -0.00240348],[0.97944244 0.20172383],[ 0.99966025 -0.02606484],[0.9993927  0.03484571],[0.99985882 0.01680293],[0.99964682 0.02657501],[ 0.99913742 -0.04152604],[0.99992066 0.01259684],[ 0.99769713 -0.06782649],[ 0.99990102 -0.01406927],[ 0.99850069 -0.05473906],[0.99051883 0.13737701],[0.99992338 0.01237902],[ 0.97789048 -0.20911771],[ 0.99985374 -0.01710268],[ 0.99880501 -0.04887283],[0.98306051 0.18328129],[ 0.9981093  -0.06146407],[0.99889404 0.04701813],[0.99953272 0.03056697],[ 0.99466872 -0.10312194],[ 0.9871101  -0.16004264],[ 0.99422157 -0.10734743],[ 0.99834135 -0.05757218],[ 0.98706005 -0.16035102],[ 0.99158653 -0.12944557],[ 0.9903675  -0.13846374],[ 0.99665312 -0.08174698],[ 0.99641506 -0.08459919],[ 0.99935566 -0.03589248],[ 0.99999752 -0.00222929],[9.99999993e-01 1.14204137e-04],[ 0.99999433 -0.00336725],[ 0.98988895 -0.14184449],[ 0.99030402 -0.13891706],[ 0.99988318 -0.01528511],[0.99989701 0.01435173],[0.9999388  0.01106293],[ 0.99987189 -0.01600653],[ 0.9952107  -0.09775312],[ 0.99514177 -0.09845235],[ 0.99455208 -0.10424085],[0.99936003 0.03577043],[ 0.99994649 -0.01034453],[ 0.98927084 -0.14609316],[0.99995207 0.00979042],[ 0.99987493 -0.01581555],[ 0.99486594 -0.10120159],[0.99993917 0.01103021],[ 0.99095588 -0.13418812],[ 0.98322442 -0.18239997],[ 0.99633621 -0.08552279],[ 0.98884293 -0.14896197],[0.99994222 0.01074928],[ 0.9891261  -0.14706991],[ 0.99805485 -0.06234194],[ 0.9990398  -0.04381179],[ 0.99963587 -0.02698388],[ 0.99822694 -0.05952286],[ 0.98834603 -0.15222396],[ 0.99950526 -0.03145222],[0.9994596  0.03287099],[ 0.99630312 -0.08590749],[ 0.95719419 -0.2894465 ],[ 0.95234732 -0.3050157 ],[ 0.98804804 -0.15414626],[0.99952707 0.03075113],[ 0.9825551 -0.1859717],[ 0.98766007 -0.15661287],[0.99994234 0.01073853],[ 0.99990671 -0.01365944],[ 1. -0.],[ 0.99679272 -0.08002675],[ 9.99999994e-01 -1.05070970e-04],[0.99997601 0.00692614],[ 0.99996898 -0.00787586],[ 0.99890442 -0.04679703],[0.99928393 0.03783688],[ 0.99937468 -0.035359  ],[ 0.99974538 -0.02256481],[0.99999393 0.00348318],[ 0.99999891 -0.0014741 ],[ 0.99989895 -0.01421558],[ 0.99992329 -0.01238608],[0.9999273  0.01205774],[0.99999821 0.00189189],[ 0.99849555 -0.0548329 ],[ 0.99977497 -0.02121326],[ 0.99950402 -0.03149155],[ 0.99926146 -0.03842558],[0.99993239 0.01162817],[ 0.99698502 -0.07759424],[ 1. -0.],[ 1. -0.],[ 0.99997253 -0.0074127 ],[0.99991113 0.01333148],[ 1. -0.],[0.99999945 0.00104809],[0.99996173 0.00874817],[ 0.99646282 -0.08403483],[ 0.99996274 -0.00863228],[0.99999346 0.003618  ],[ 1. -0.],[0.99999936 0.00113312],[ 0.99891624 -0.04654407],[ 0.99985515 -0.01701974],[ 0.99897847 -0.04518857],[ 0.99955083 -0.02996909],[ 0.99899115 -0.04490759],[0.99992624 0.01214586],[0.9998922 0.0146826],[ 0.99988324 -0.01528113],[ 0.99980435 -0.01978047],[0.99994941 0.01005905],[ 0.99899617 -0.04479561],[ 0.99705656 -0.07666957],[ 0.99764538 -0.0685835 ],[ 0.9979672  -0.06372968],[ 0.99999934 -0.00114648],[ 0.99851418 -0.05449253],[ 1. -0.],[ 0.99981757 -0.01910057],[1. 0.],[ 0.99984162 -0.01779688],[ 0.9996333  -0.02707882],[ 0.99923334 -0.03915022],[ 0.99976168 -0.0218306 ],[ 0.99968156 -0.0252345 ],[ 0.99968648 -0.02503885],[ 0.99992837 -0.01196862],[ 0.99964051 -0.02681153],[0.99937498 0.03535038],[ 0.9988472 -0.0480028],[ 0.99939268 -0.03484633],[ 0.99999732 -0.00231606],[ 0.99983568 -0.01812778],[ 0.99974251 -0.02269173],[ 0.99999087 -0.00427404],[ 0.99889592 -0.04697818],[0.99976303 0.02176878]
[0.99989571 0.01444215],[ 0.9994051  -0.03448826],[ 0.99222416 -0.12446371],[ 0.99998572 -0.00534356],[ 0.99949574 -0.03175328],[ 0.96743956 -0.25310214],[ 0.99843622 -0.05590265],[ 0.99348584 -0.11395566],[ 9.99999872e-01 -5.05666769e-04],[0.99999317 0.00369521],[0.99998013 0.00630369],[0.99971335 0.02394205],[ 0.99493734 -0.10049725],[ 0.99936752 -0.03556079],[ 0.99962172 -0.02750302],[0.99942764 0.03382876],[ 0.99929623 -0.03751064],[ 0.99405129 -0.10891296],[ 0.99925338 -0.03863515],[ 0.99927442 -0.03808724],[0.9784321  0.20656868],[ 0.99991067 -0.01336632],[0.98884843 0.14892545],[0.99967045 0.02567079],[0.99260133 0.1214191 ],[ 0.99737541 -0.07240361],[0.99987647 0.01571793],[ 0.99704463 -0.07682455],[ 0.99949872 -0.03165912],[ 0.99955904 -0.02969391],[0.98639838 0.16437222],[ 0.9998998  -0.01415557],[ 0.98475074 -0.17397121],[ 0.9984952  -0.05483909],[ 0.99859333 -0.05302222],[0.98190225 0.18938841],[ 0.99764712 -0.06855814],[0.99981816 0.01906929],[ 0.99994162 -0.01080504],[ 0.99481441 -0.10170691],[ 0.98253073 -0.18610044],[ 0.99343909 -0.11436248],[ 0.99869793 -0.05101407],[ 0.99297789 -0.11830007],[ 0.99017779 -0.13981396],[ 0.99477631 -0.10207889],[ 0.99898066 -0.04514025],[ 0.99077207 -0.13553857],[ 0.99974345 -0.02265014],[ 0.99965929 -0.02610191],[ 0.99988609 -0.01509356],[ 0.99888736 -0.04715971],[ 0.99395325 -0.10980411],[ 0.98988568 -0.14186732],[ 0.99986624 -0.01635539],[0.9999731  0.00733524],[ 0.99992851 -0.01195717],[ 0.99994879 -0.0101202 ],[ 0.99760544 -0.06916204],[ 0.99845634 -0.05554226],[ 0.99684889 -0.07932395],[0.99974104 0.02275652],[ 0.9998947  -0.01451186],[ 0.99403904 -0.10902471],[ 0.99996206 -0.00871064],[ 0.99994869 -0.01012985],[ 0.99603766 -0.08893248],[ 9.99999869e-01 -5.11844173e-04],[ 0.99095588 -0.13418812],[ 0.98580947 -0.1678681 ],[ 0.99117607 -0.13255184],[ 0.9879466  -0.15479505],[0.9998538  0.01709933],[ 0.98823314 -0.15295513],[ 0.99741706 -0.07182769],[ 0.99933999 -0.03632616],[ 0.99972379 -0.02350205],[ 0.99820992 -0.05980766],[ 0.98289608 -0.18416107],[ 0.99949444 -0.03179396],[0.99983376 0.01823331],[ 0.9970026  -0.07736799],[ 0.97507561 -0.22187282],[ 0.96952968 -0.24497386],[ 0.98214346 -0.18813351],[0.99998784 0.00493251],[ 0.98711042 -0.16004065],[ 0.99008674 -0.1404573 ],[0.99996305 0.00859662],[ 0.9999707  -0.00765547],[ 1. -0.],[ 0.99573502 -0.09225928],[ 0.99986475 -0.01644641],[ 0.99996209 -0.00870764],[0.99999888 0.00149964],[ 0.99958297 -0.02887706],[0.99977284 0.02131372],[ 0.99924208 -0.03892645],[ 0.9997546  -0.02215279],[0.99997709 0.00676845],[9.99999993e-01 1.15036206e-04],[ 0.99996702 -0.00812151],[ 0.99997983 -0.00635184],[ 0.99999353 -0.00359649],[0.9999147  0.01306147],[ 0.99902293 -0.04419487],[ 0.99977705 -0.02111522],[ 0.99966751 -0.02578512],[ 0.99945763 -0.03293091],[0.99998934 0.00461647],[ 0.99582007 -0.09133672],[ 1. -0.],[ 1. -0.],[ 0.99990771 -0.01358596],[ 0.99999261 -0.0038435 ],[ 1. -0.],[0.99999379 0.00352458],[ 1.00000000e+00 -6.52108197e-06],[ 0.99673428 -0.08075133],[ 0.99999752 -0.00222808],[0.99999261 0.00384446],[ 1. -0.],[0.99999941 0.00108343],[ 0.99926422 -0.03835388],[ 0.9998878  -0.01497976],[ 0.99872294 -0.05052211],[ 0.99973669 -0.02294662],[ 0.99926303 -0.03838474],[0.99998873 0.00474686],[ 0.99999276 -0.00380497],[ 0.99986623 -0.01635615],[9.99999871e-01 5.07260008e-04],[0.99977129 0.02138629],[ 0.99872106 -0.05055937],[ 0.99744389 -0.07145406],[ 0.99802657 -0.062793  ],[ 0.99887173 -0.04748972],[0.99991466 0.0130639 ],[ 0.99886427 -0.0476464 ],[ 1. -0.],[ 0.99989102 -0.01476285],[1. 0.],[ 0.99989642 -0.01439255],[ 0.99990726 -0.01361887],[ 0.99849472 -0.05484788],[ 0.99977261 -0.02132456],[ 0.99971541 -0.02385585],[ 0.99846169 -0.05544594],[0.99994964 0.01003549],[ 0.99995852 -0.00910761],[0.99905191 0.04353475],[ 0.99967702 -0.0254138 ],[ 0.99992742 -0.01204794],[0.99999582 0.00289032],[ 0.99986209 -0.01660746],[ 0.99976398 -0.02172498],[ 0.99977851 -0.02104598],[ 0.99881389 -0.04869091],[0.99998927 0.00463336]
[0.99996711 0.00811003],[ 0.99984239 -0.01775371],[ 0.99170312 -0.12854932],[ 0.99998201 -0.00599819],[ 0.99975958 -0.02192697],[ 0.98040947 -0.19697022],[ 0.99806179 -0.06223077],[ 0.99340972 -0.11461735],[0.99992401 0.01232739],[0.99990252 0.01396245],[ 0.99999734 -0.00230521],[0.99756595 0.06972923],[ 0.99393445 -0.10997415],[ 0.99810564 -0.06152338],[ 0.99940712 -0.03442977],[0.99705659 0.07666916],[ 0.99866566 -0.05164198],[ 0.99334004 -0.11521962],[ 0.99972077 -0.02363024],[ 0.99950578 -0.03143554],[0.98258178 0.18583069],[ 0.99999803 -0.00198288],[0.98661656 0.16305756],[0.99947789 0.03231032],[0.99097143 0.13407319],[ 0.99464457 -0.10335461],[0.99986323 0.01653832],[ 0.99717424 -0.07512348],[ 0.99909254 -0.04259224],[0.99995766 0.00920245],[0.98752156 0.15748387],[0.99999266 0.00383113],[ 0.98896516 -0.14814828],[ 0.99948217 -0.03217752],[ 0.99847515 -0.05520307],[0.98466784 0.17443979],[ 0.99885969 -0.04774218],[ 0.99999723 -0.00235258],[9.99999972e-01 2.36228250e-04],[ 0.99640345 -0.08473589],[ 0.98445683 -0.17562676],[ 0.99452471 -0.10450165],[ 0.99931555 -0.03699221],[ 0.99466858 -0.10312326],[ 0.98845401 -0.15152116],[ 0.99617462 -0.0873849 ],[ 0.99885616 -0.04781607],[ 0.98994013 -0.1414869 ],[ 0.9999424 -0.0107334],[ 0.99991314 -0.01318025],[ 0.99968331 -0.02516488],[ 0.99964079 -0.02680087],[ 0.99537678 -0.09604716],[ 0.99203449 -0.12596655],[ 0.99983611 -0.0181037 ],[9.99999563e-01 9.34754572e-04],[ 0.99959017 -0.02862668],[ 0.99999491 -0.00318955],[ 0.99765694 -0.06841506],[ 0.99870503 -0.05087492],[ 0.99642822 -0.08444411],[0.99967609 0.0254501 ],[ 0.9999527  -0.00972659],[ 0.99536102 -0.0962104 ],[ 0.99984772 -0.01745072],[ 0.99999481 -0.00322118],[ 0.99618084 -0.08731404],[ 0.99997439 -0.0071571 ],[ 0.99320233 -0.11640077],[ 0.98778427 -0.15582761],[ 0.99041796 -0.13810236],[ 0.99062225 -0.13662925],[0.99973321 0.0230976 ],[ 0.99101224 -0.13377119],[ 0.99751493 -0.07045534],[ 0.9994936  -0.03182042],[ 0.99981272 -0.01935278],[ 0.99816544 -0.06054555],[ 0.98407741 -0.1777404 ],[ 0.99928159 -0.03789859],[0.99997243 0.00742601],[ 0.99707551 -0.07642273],[ 0.983122   -0.18295116],[ 0.9806487  -0.19577571],[ 0.98357997 -0.18047283],[ 0.99991268 -0.01321489],[ 0.99019223 -0.13971165],[ 0.99160617 -0.12929501],[0.99999709 0.00241126],[ 0.99998777 -0.0049449 ],[ 1. -0.],[ 0.99518203 -0.09804457],[ 0.9997127  -0.02396904],[ 0.99982842 -0.01852401],[0.99995654 0.00932352],[ 0.99991653 -0.01292062],[0.99991084 0.01335334],[ 0.99891594 -0.04655053],[ 0.99979874 -0.0200619 ],[0.99998622 0.00524893],[ 9.99999914e-01 -4.14197384e-04],[ 0.99998589 -0.00531191],[ 0.99998838 -0.00482036],[ 0.99985465 -0.01704945],[0.99977151 0.02137593],[ 0.99933022 -0.03659397],[ 0.99981336 -0.01931944],[ 0.99984059 -0.0178549 ],[ 0.99957003 -0.02932166],[ 0.99999747 -0.0022503 ],[ 0.9952829  -0.09701522],[ 1. -0.],[ 1. -0.],[ 0.9998576  -0.01687561],[ 0.99983762 -0.01802028],[ 1. -0.],[0.99999341 0.00363113],[ 0.99998072 -0.00620925],[ 0.99723142 -0.07436054],[ 9.99999891e-01 -4.67721245e-04],[0.99999948 0.0010161 ],[ 1. -0.],[ 0.9999978  -0.00209872],[ 0.99944402 -0.0333414 ],[ 0.99993108 -0.01174061],[ 0.99906161 -0.04331172],[ 0.99976917 -0.02148514],[ 0.99955097 -0.02996416],[ 9.99999694e-01 -7.81815801e-04],[ 0.99987949 -0.01552436],[ 0.99983675 -0.01806875],[0.99986989 0.01613079],[0.99967472 0.02550383],[ 0.99907244 -0.04306105],[ 0.99781388 -0.06608684],[ 0.99850615 -0.05463941],[ 0.99926072 -0.03844489],[0.99978131 0.02091247],[ 0.99886123 -0.04771006],[ 1. -0.],[ 0.99993519 -0.01138499],[1. 0.],[ 0.99993328 -0.0115516 ],[ 0.99997126 -0.00758207],[ 0.99815933 -0.06064612],[ 0.9997942 -0.020287 ],[ 0.99975273 -0.02223692],[ 0.99893538 -0.04613143],[0.99976415 0.02171724],[0.99990437 0.01382934],[0.99862416 0.05243844],[ 0.99993068 -0.01177467],[ 9.99999534e-01 -9.65282855e-04],[0.99998543 0.00539727],[ 0.99990103 -0.01406872],[ 0.99984673 -0.01750768],[ 0.99946472 -0.0327149 ],[ 0.99885891 -0.04775862],[ 0.99997547 -0.00700409]
[0.99999562 0.00295926],[9.99999760e-01 6.93373326e-04],[ 0.99047816 -0.13766998],[ 0.99997958 -0.0063906 ],[ 0.99984289 -0.01772571],[ 0.98753959 -0.15737076],[ 0.99797949 -0.06353695],[ 0.99310783 -0.11720428],[0.99975333 0.02220993],[0.99973157 0.0231686 ],[ 0.9999549  -0.00949682],[0.99365691 0.11245416],[ 0.99267964 -0.12077724],[ 0.99559098 -0.09380083],[ 0.99898331 -0.04508156],[0.99309907 0.11727842],[ 0.9983578  -0.05728607],[ 0.9925798  -0.12159502],[ 0.99991151 -0.01330346],[ 0.99982014 -0.01896536],[0.98778964 0.15579354],[0.99997738 0.00672654],[0.9860994  0.16615649],[0.99915636 0.04106792],[0.99041836 0.13809952],[ 0.99118338 -0.13249717],[0.99976524 0.02166716],[ 0.99807822 -0.06196661],[ 0.99872337 -0.05051372],[0.99939372 0.03481655],[0.98933396 0.14566508],[0.99985475 0.01704324],[ 0.98915049 -0.14690578],[ 0.9999445  -0.01053569],[ 0.99847771 -0.05515674],[0.98878463 0.14934843],[ 0.99974051 -0.02277945],[ 0.99994866 -0.01013279],[0.99992802 0.01199849],[ 0.99729446 -0.07351022],[ 0.98889174 -0.14863754],[ 0.99535566 -0.09626587],[ 0.99972057 -0.02363867],[ 0.99620515 -0.08703615],[ 0.98567977 -0.16862799],[ 0.99699673 -0.07744372],[ 0.99870455 -0.05088437],[ 0.99096874 -0.13409307],[ 0.99999781 -0.00209365],[9.99999567e-01 9.30853937e-04],[ 0.99944534 -0.03330196],[ 0.99997541 -0.00701259],[ 0.99624038 -0.08663204],[ 0.9939659  -0.10968954],[ 0.99972977 -0.02324613],[ 0.99999083 -0.0042822 ],[ 0.99924313 -0.03889942],[0.99999378 0.00352704],[ 0.99803802 -0.06261082],[ 0.99899686 -0.04478022],[ 0.99666723 -0.08157475],[0.99954015 0.03032311],[ 9.99999915e-01 -4.12644720e-04],[ 0.99666135 -0.08164657],[ 0.99976941 -0.02147388],[0.99999358 0.00358413],[ 0.99532817 -0.09654969],[ 0.99992404 -0.01232497],[ 0.99508574 -0.09901706],[ 0.98760553 -0.1569564 ],[ 0.99134449 -0.13128635],[ 0.99273112 -0.12035336],[0.99960337 0.02816191],[ 0.99322165 -0.11623575],[ 0.99834414 -0.05752375],[ 0.99957632 -0.02910627],[ 0.99987675 -0.01570004],[ 0.99813549 -0.06103722],[ 0.9882858  -0.15261448],[ 0.99895875 -0.04562257],[0.9999833 0.0057786],[ 0.99754301 -0.07005676],[ 0.9886459  -0.15026404],[ 0.98743418 -0.15803081],[ 0.98814162 -0.15354525],[ 0.99984549 -0.01757809],[ 0.99010693 -0.14031491],[ 0.99039669 -0.13825484],[ 0.99997863 -0.00653711],[ 0.99998475 -0.00552201],[ 1. -0.],[ 0.99535888 -0.09623256],[ 0.99965627 -0.0262171 ],[ 0.99972961 -0.0232532 ],[0.99989966 0.01416578],[ 0.99999889 -0.00148672],[0.99997585 0.00694924],[ 0.99850529 -0.05465518],[ 0.99984259 -0.01774245],[ 9.99999952e-01 -3.08542524e-04],[ 0.99999834 -0.00182388],[ 0.99998295 -0.00583886],[ 0.99998364 -0.00572096],[ 0.99962078 -0.0275371 ],[0.99978275 0.0208435 ],[ 0.99972872 -0.02329137],[ 0.99985895 -0.01679553],[ 0.99994699 -0.01029648],[ 0.99965648 -0.02620932],[ 0.99996964 -0.0077925 ],[ 0.99542545 -0.09554143],[ 1. -0.],[ 1. -0.],[ 0.99976191 -0.02182025],[ 0.99958732 -0.02872617],[ 1. -0.],[0.99999639 0.00268792],[ 0.99994559 -0.01043116],[ 0.9982178  -0.05967593],[ 0.99999922 -0.00125197],[ 0.99999588 -0.00287017],[ 1. -0.],[ 0.99997984 -0.00634923],[ 0.99954069 -0.03030518],[ 0.99993719 -0.01120825],[ 0.99940409 -0.03451749],[ 0.99987806 -0.01561609],[ 0.99976522 -0.02166802],[ 0.99998863 -0.00476886],[ 0.99975376 -0.02219051],[ 0.99973282 -0.02311466],[0.99983772 0.01801493],[0.99983336 0.01825541],[ 0.99941241 -0.03427597],[ 0.9986755 -0.0514514],[ 0.99918985 -0.0402448 ],[ 0.99969501 -0.02469595],[0.99986429 0.01647447],[ 0.99927079 -0.03818243],[ 1. -0.],[ 0.99996489 -0.00837997],[1. 0.],[ 0.99996238 -0.00867358],[0.9999973  0.00232313],[ 0.99812598 -0.06119262],[ 0.99983363 -0.01824058],[ 0.99980494 -0.01975038],[ 0.99952294 -0.03088516],[0.99935742 0.03584339],[0.99933764 0.03639061],[0.99829393 0.05838865],[ 0.99998012 -0.00630476],[0.99994921 0.01007871],[0.99998049 0.00624645],[ 0.99993711 -0.01121499],[ 0.99991642 -0.01292852],[ 0.99922546 -0.03935062],[ 0.99926311 -0.03838279],[ 0.99989926 -0.01419425]
[ 0.99999782 -0.00208685],[0.99998815 0.00486912],[ 0.98966202 -0.14341929],[ 0.99998373 -0.00570363],[ 0.99991076 -0.01335931],[ 0.99306718 -0.11754818],[ 0.99809793 -0.06164837],[ 0.99476281 -0.10221031],[0.99985113 0.01725447],[0.99952531 0.03080843],[ 0.99989214 -0.01468685],[0.9935465  0.11342551],[ 0.99308512 -0.11739649],[ 0.99290513 -0.11890925],[ 0.99805034 -0.06241413],[0.99383308 0.1108865 ],[ 0.9985278  -0.05424242],[ 0.9943331  -0.10630937],[ 0.99999812 -0.00194036],[ 0.99997566 -0.00697773],[0.99021596 0.1395434 ],[0.99976323 0.02175955],[0.98604017 0.16650761],[0.99925243 0.03865977],[0.98982886 0.14226327],[ 0.98855776 -0.15084282],[0.99981676 0.01914289],[ 0.99846721 -0.05534652],[ 0.99836784 -0.05711098],[0.99842879 0.05603524],[0.98832415 0.15236595],[0.99996174 0.00874768],[ 0.98949705 -0.14455304],[0.9999661 0.0082335],[ 0.9984061  -0.05643814],[0.99106743 0.13336169],[0.99996134 0.00879357],[ 0.99976866 -0.02150873],[0.99973127 0.02318149],[ 0.99801586 -0.06296303],[ 0.99172077 -0.12841303],[ 0.99627613 -0.08621992],[ 0.9999801 -0.0063085],[ 0.99735445 -0.07269188],[ 0.98381494 -0.17918753],[ 0.99834201 -0.05756064],[ 0.99848217 -0.05507589],[ 0.99206664 -0.12571312],[0.99993219 0.01164497],[0.99989498 0.01449218],[ 0.99920514 -0.03986329],[0.99994574 0.01041745],[ 0.99774152 -0.06717033],[ 0.99564702 -0.09320413],[ 0.99973999 -0.02280268],[ 0.99996619 -0.00822328],[ 0.9990638  -0.04326101],[0.9999597  0.00897795],[ 0.99861541 -0.05260474],[ 0.99925606 -0.03856586],[ 0.99751132 -0.07050657],[0.999503  0.0315237],[0.99994771 0.01022646],[ 0.99767814 -0.06810525],[ 0.99976424 -0.02171315],[0.999958   0.00916545],[ 0.99455258 -0.10423608],[ 0.99985101 -0.0172613 ],[ 0.99663526 -0.08196438],[ 0.98805017 -0.15413261],[ 0.99231421 -0.12374371],[ 0.99429261 -0.10668741],[0.99946799 0.03261504],[ 0.99488531 -0.10101102],[ 0.99865336 -0.05187933],[ 0.99963005 -0.02719845],[ 0.99990511 -0.01377588],[ 0.99799015 -0.06336917],[ 0.99113901 -0.13282867],[ 0.99864377 -0.05206359],[ 9.99999980e-01 -2.02406829e-04],[ 0.99820371 -0.05991116],[ 0.99312015 -0.11709984],[ 0.99304719 -0.11771695],[ 0.99113017 -0.13289462],[ 0.99964648 -0.02658783],[ 0.99074578 -0.13573059],[ 0.9898904  -0.14183439],[ 0.99985002 -0.01731873],[ 0.99996442 -0.00843598],[ 1. -0.],[ 0.99602874 -0.08903226],[ 0.99966304 -0.02595771],[ 0.99971249 -0.02397772],[0.99986425 0.0164764 ],[0.99991235 0.01323962],[0.99999914 0.00130869],[ 0.99814346 -0.06090675],[ 0.99987601 -0.01574682],[ 0.99995625 -0.00935384],[ 0.99999414 -0.00342227],[ 0.99996204 -0.00871327],[ 0.9999815  -0.00608324],[ 0.99939114 -0.03489053],[0.99979203 0.02039351],[ 0.99991591 -0.01296809],[ 0.99989797 -0.01428456],[ 0.99998386 -0.00568147],[ 0.99975231 -0.02225562],[ 0.99993317 -0.011561  ],[ 0.99605939 -0.08868877],[ 1. -0.],[ 1. -0.],[ 0.99961247 -0.02783716],[ 0.99935063 -0.03603229],[ 1. -0.],[0.99999895 0.00144655],[ 0.99991335 -0.01316401],[ 0.99883783 -0.04819737],[ 0.99999843 -0.00177188],[ 0.99997886 -0.00650218],[ 1. -0.],[ 0.99994762 -0.01023505],[ 0.99960131 -0.02823518],[ 0.99991772 -0.01282803],[ 0.99964913 -0.02648819],[ 0.99991178 -0.01328258],[ 0.99988074 -0.0154435 ],[ 0.99997155 -0.00754371],[ 0.99968224 -0.02520746],[ 0.99974263 -0.02268655],[0.99980055 0.01997151],[0.99992231 0.0124652 ],[ 0.99964918 -0.02648614],[ 0.99923082 -0.03921427],[ 0.99956195 -0.02959586],[ 0.99987974 -0.01550827],[0.99992044 0.01261375],[ 0.99952756 -0.03073531],[ 1. -0.],[ 0.99998325 -0.00578795],[1. 0.],[ 0.99998274 -0.00587589],[0.99997213 0.00746566],[ 0.99828681 -0.0585102 ],[ 0.99987644 -0.01571952],[ 0.99985792 -0.01685642],[ 0.99983977 -0.01790042],[0.99923771 0.03903833],[0.99807387 0.06203663],[0.99810652 0.06150917],[0.99999719 0.00237058],[0.99994432 0.01055247],[0.99997469 0.00711514],[ 0.99996261 -0.00864744],[ 0.99994346 -0.01063329],[ 0.99913671 -0.04154325],[ 0.99948124 -0.03220628],[ 0.99983695 -0.01805732]
[ 0.99997755 -0.00670062],[0.99997509 0.00705816],[ 0.99007643 -0.14052992],[ 0.99999916 -0.00129437],[ 0.99995801 -0.00916353],[ 0.99668245 -0.08138855],[ 0.99831859 -0.0579654 ],[ 0.9958544  -0.09096156],[ 9.99999690e-01 -7.87231452e-04],[0.99926188 0.03841482],[ 0.99984172 -0.01779156],[0.99380133 0.11117069],[ 0.99382005 -0.11100318],[ 0.99166912 -0.12881133],[ 0.99659849 -0.08241022],[0.99454391 0.10431878],[ 0.9987713  -0.04955687],[ 0.9955081  -0.09467646],[0.99995696 0.00927773],[ 0.99999779 -0.00210432],[0.99164565 0.12899186],[0.99918569 0.04034796],[0.98637308 0.16452402],[0.99958004 0.02897842],[0.98941009 0.14514711],[ 0.98811765 -0.15369939],[0.99992309 0.0124021 ],[ 0.99834035 -0.05758942],[ 0.99798402 -0.06346577],[0.99763149 0.0687852 ],[0.99042509 0.13805121],[0.99966394 0.02592319],[ 0.99044983 -0.13787361],[0.99967519 0.02548561],[ 0.99828085 -0.05861178],[0.99217986 0.12481637],[0.99924898 0.038749  ],[ 0.99930832 -0.03718721],[0.999387   0.03500896],[ 0.99853606 -0.05409016],[ 0.9937595  -0.11154397],[ 0.99710175 -0.07607952],[0.99991449 0.01307698],[ 0.99807226 -0.06206263],[ 0.9842425  -0.17682393],[ 0.99939519 -0.03477441],[ 0.99779523 -0.06636777],[ 0.99346766 -0.11411401],[0.99960908 0.02795857],[0.99959578 0.02843004],[ 0.99897366 -0.04529478],[0.99964108 0.02679003],[ 0.99903259 -0.04397597],[ 0.99686835 -0.07907904],[ 0.99982176 -0.01887982],[ 0.99993904 -0.01104153],[ 0.99907452 -0.04301292],[0.99990191 0.01400631],[ 0.99901438 -0.04438774],[ 0.99921401 -0.03964035],[ 0.99826948 -0.05880519],[0.99955638 0.02978343],[0.99979449 0.02027269],[ 0.99838276 -0.05684945],[ 0.99984487 -0.01761334],[0.99989693 0.01435727],[ 0.99439174 -0.10575943],[ 0.99975809 -0.02199454],[ 0.99782787 -0.06587518],[ 0.98929886 -0.14590328],[ 0.99357789 -0.11315028],[ 0.99595676 -0.08983387],[0.99926219 0.03840668],[ 0.9966276  -0.08205749],[ 0.99847048 -0.05528739],[ 0.99964337 -0.02670455],[ 0.9999167  -0.01290678],[ 0.99773528 -0.06726293],[ 0.99327844 -0.11574943],[ 0.99840904 -0.05638599],[ 0.99994575 -0.01041619],[ 0.9986714  -0.05153099],[ 0.99565771 -0.09308984],[ 0.99675553 -0.08048855],[ 0.99331343 -0.11544886],[ 0.99917435 -0.04062774],[ 0.99246656 -0.12251582],[ 0.99043133 -0.13800644],[ 0.99957924 -0.02900584],[ 0.99991662 -0.01291299],[ 1. -0.],[ 0.99692698 -0.07833646],[ 0.99968345 -0.02515952],[ 0.99976376 -0.02173516],[0.99982465 0.01872623],[0.99955525 0.02982106],[ 0.99999454 -0.00330405],[ 0.99786444 -0.06531883],[ 0.99991495 -0.01304221],[ 0.99978228 -0.020866  ],[ 0.99998824 -0.00484871],[ 0.99991416 -0.01310253],[ 0.99998078 -0.00620017],[ 0.99922741 -0.03930123],[0.99980279 0.01985907],[ 0.99999214 -0.00396548],[ 0.99992728 -0.01205998],[ 0.99999409 -0.00343794],[ 0.99983017 -0.01842929],[ 0.99990741 -0.01360775],[ 0.99694245 -0.07813929],[ 1. -0.],[ 1. -0.],[ 0.99938872 -0.03495965],[ 0.99918806 -0.04028911],[ 1. -0.],[9.99999957e-01 2.94483020e-04],[ 0.99989081 -0.0147775 ],[ 0.99921651 -0.0395773 ],[ 0.99999725 -0.00234312],[ 0.99995715 -0.00925757],[ 1. -0.],[ 0.99991383 -0.01312743],[ 0.99961714 -0.02766888],[ 0.99986461 -0.01645465],[ 0.99980985 -0.01950026],[ 0.99992714 -0.01207122],[ 0.99994005 -0.01094965],[ 0.99995607 -0.0093729 ],[ 0.99966543 -0.02586559],[ 0.99982247 -0.018842  ],[0.99976332 0.02175564],[0.99996401 0.00848452],[ 0.99980432 -0.01978199],[ 0.9995539  -0.02986626],[ 0.99974731 -0.02247919],[ 0.99995734 -0.00923716],[0.99995366 0.00962743],[ 0.99968959 -0.02491431],[ 1. -0.],[ 0.99999565 -0.00294812],[1. 0.],[ 0.99999651 -0.00264358],[0.99993465 0.01143258],[ 0.99852612 -0.05427318],[ 0.9999184  -0.01277488],[ 0.99990754 -0.01359792],[ 0.99994241 -0.01073211],[0.99936033 0.03576228],[0.996434   0.08437585],[0.99789884 0.0647913 ],[0.99990243 0.01396856],[0.99998386 0.00568068],[0.99997015 0.00772688],[ 0.99997854 -0.00655097],[ 0.99994968 -0.01003142],[ 0.9991886  -0.04027573],[ 0.99958957 -0.02864767],[ 0.99980576 -0.01970887]
[ 0.99994169 -0.01079933],[0.99995891 0.00906555],[ 0.991928   -0.12680239],[0.99997294 0.0073563 ],[ 0.99997138 -0.00756507],[ 0.99874714 -0.05004152],[ 0.99859432 -0.05300356],[ 0.99686619 -0.07910621],[ 0.99974161 -0.02273116],[0.99892022 0.04645855],[ 0.9998189  -0.01903077],[0.994456   0.10515349],[ 0.99514742 -0.0983952 ],[ 0.99256187 -0.12174124],[ 0.99515939 -0.09827405],[0.99536911 0.09612668],[ 0.99911639 -0.04202892],[ 0.99662395 -0.08210179],[0.99982673 0.01861482],[ 0.99999692 -0.00248192],[0.99240962 0.12297624],[0.99829389 0.05838925],[0.98725233 0.1591629 ],[0.99983237 0.01830936],[0.9895307  0.14432252],[ 0.99006326 -0.14062266],[0.99998185 0.00602481],[ 0.99795269 -0.06395647],[ 0.99758342 -0.06947886],[0.99735874 0.07263294],[0.99182528 0.12760338],[0.99913824 0.04150628],[ 0.99032991 -0.13873237],[0.99915102 0.04119768],[ 0.99822146 -0.05961481],[0.99277445 0.11999539],[0.99819568 0.06004481],[ 0.99861591 -0.05259531],[0.99889117 0.04707906],[ 0.99867609 -0.05144003],[ 0.99537762 -0.09603854],[ 0.99744278 -0.07146951],[0.99953778 0.03040116],[ 0.99852744 -0.05424896],[ 0.98450355 -0.17536466],[ 0.9999649  -0.00837879],[ 0.99745704 -0.07127031],[ 0.99501383 -0.09973707],[0.99905775 0.04340069],[0.99910587 0.04227847],[ 0.998774   -0.04950243],[0.99911956 0.04195356],[ 0.9998374  -0.01803244],[ 0.99782026 -0.06599041],[ 0.99991641 -0.01292967],[ 0.99991514 -0.01302739],[ 0.99921423 -0.03963499],[0.99981972 0.01898774],[ 0.99953129 -0.03061362],[ 0.99937071 -0.03547092],[ 0.99922078 -0.03946947],[0.99967603 0.02545264],[0.99960486 0.02810921],[ 0.99882526 -0.04845725],[ 0.9998835  -0.01526365],[0.9998088  0.01955398],[ 0.99352926 -0.11357641],[ 0.99964676 -0.02657719],[ 0.9986565  -0.05181879],[ 0.98936402 -0.14546078],[ 0.99502284 -0.09964711],[ 0.99665286 -0.0817501 ],[0.99892715 0.04630924],[ 0.99738752 -0.07223669],[ 0.9980416  -0.06255372],[ 0.99962205 -0.02749111],[ 0.99992136 -0.01254071],[ 0.99749138 -0.07078798],[ 0.99500584 -0.09981674],[ 0.99836141 -0.05722329],[ 0.99978009 -0.02097052],[ 0.99907753 -0.0429428 ],[ 0.99748186 -0.07092201],[ 0.99886576 -0.04761495],[ 0.99504796 -0.09939593],[ 0.99849477 -0.05484707],[ 0.99332369 -0.1153605 ],[ 0.99006375 -0.14061921],[ 0.99930068 -0.03739192],[ 0.99983707 -0.01805072],[ 1. -0.],[ 0.9978236  -0.06593981],[ 0.99967904 -0.02533429],[ 0.99984718 -0.01748166],[0.99975009 0.02235505],[0.99895531 0.04569777],[ 0.99997404 -0.00720492],[ 0.99772033 -0.06748442],[ 0.99993087 -0.01175799],[ 0.99956768 -0.02940152],[ 0.9999824 -0.0059327],[ 0.9998366  -0.01807701],[ 0.99998128 -0.006118  ],[ 0.99915358 -0.04113541],[0.99981966 0.01899054],[0.99998401 0.00565475],[ 0.99994833 -0.01016572],[ 0.99999563 -0.00295565],[ 0.99988401 -0.0152306 ],[ 0.99989833 -0.01425934],[ 0.99784493 -0.06561623],[ 1. -0.],[ 1. -0.],[ 0.99908301 -0.04281528],[ 0.99911938 -0.04195786],[ 1. -0.],[ 9.99999820e-01 -6.00570383e-04],[ 0.99987937 -0.01553221],[ 0.9994483 -0.0332128],[ 0.99999557 -0.00297708],[ 0.9999393  -0.01101835],[ 1. -0.],[ 0.99988917 -0.01488805],[ 0.9995977  -0.02836273],[ 0.99977297 -0.02130749],[ 0.99990907 -0.01348537],[ 0.99996119 -0.00880967],[ 0.99996943 -0.00781868],[ 0.99994533 -0.01045632],[ 0.99969022 -0.02488909],[ 0.99991637 -0.0129327 ],[0.99973571 0.02298938],[0.99997982 0.00635319],[ 0.9999024  -0.01397091],[ 0.99972908 -0.02327571],[ 0.99983546 -0.01813972],[ 0.9999879  -0.00491946],[0.99997141 0.00756133],[ 0.99979273 -0.0203592 ],[ 1. -0.],[9.99999984e-01 1.78177555e-04],[1. 0.],[9.99999535e-01 9.64050020e-04],[0.9998312  0.01837303],[ 0.99878722 -0.04923513],[ 0.99995344 -0.00964964],[ 0.99994805 -0.01019321],[ 0.99996085 -0.0088484 ],[0.99949554 0.03175963],[0.99516992 0.09816731],[0.99759178 0.06935874],[0.99962951 0.02721846],[0.99999796 0.00202089],[0.99996801 0.00799869],[ 0.99998793 -0.0049142 ],[ 0.99994381 -0.01060038],[ 0.99932656 -0.0366936 ],[ 0.99964104 -0.02679163],[ 0.99980454 -0.01977067]
[ 0.99989924 -0.01419531],[0.99993459 0.01143753],[ 0.99439387 -0.10573947],[0.99980665 0.01966375],[ 0.9999462  -0.01037244],[ 0.99952637 -0.03077397],[ 0.99886705 -0.04758804],[ 0.99784579 -0.06560313],[ 0.99915844 -0.04101725],[0.99848317 0.05505773],[ 0.99982407 -0.01875732],[0.99535935 0.09622765],[ 0.99669688 -0.08121167],[ 0.99462941 -0.10350042],[ 0.99431267 -0.10650028],[0.99624265 0.08660588],[ 0.99932524 -0.03672954],[ 0.99770569 -0.06770054],[0.99969696 0.02461664],[ 0.99999059 -0.0043372 ],[0.99299428 0.11816239],[0.99741873 0.0718045 ],[0.98871441 0.14981261],[0.9999347  0.01142798],[0.99036861 0.1384558 ],[ 0.99309229 -0.11733582],[0.99999417 0.0034157 ],[ 0.9975711  -0.06965554],[ 0.9972191  -0.07452565],[0.99751143 0.07050499],[0.99299681 0.11814118],[0.99844951 0.05566492],[ 0.98938251 -0.14533496],[0.9984605  0.05546733],[ 0.99821306 -0.05975518],[0.99324229 0.11605924],[0.99754545 0.07002197],[ 0.99794997 -0.06399895],[0.99825717 0.05901382],[ 0.99836759 -0.05711525],[ 0.99714314 -0.07553515],[ 0.99718424 -0.07499055],[0.99923524 0.03910158],[ 0.99877755 -0.04943091],[ 0.98386147 -0.17893183],[0.99994792 0.01020561],[ 0.99781452 -0.06607717],[ 0.99707019 -0.07649202],[0.99849488 0.05484509],[0.99844993 0.05565727],[ 0.9986211  -0.05249663],[0.99843673 0.05589365],[ 9.99999628e-01 -8.62802181e-04],[ 0.99841526 -0.05627588],[ 0.99998247 -0.00592061],[ 0.99989457 -0.01452095],[ 0.99940234 -0.03456836],[0.99970363 0.02434441],[ 0.99991953 -0.012686  ],[ 0.99967545 -0.02547526],[ 0.99986038 -0.01670995],[0.99974322 0.0226602 ],[0.99944659 0.03326427],[ 0.99908446 -0.04278132],[ 0.99990721 -0.01362274],[0.99968176 0.02522638],[ 0.99162705 -0.12913482],[ 0.99955663 -0.02977494],[ 0.99915015 -0.04121873],[ 0.98844096 -0.15160626],[ 0.99701885 -0.07715832],[ 0.99669041 -0.08129104],[0.99840385 0.05647791],[ 0.99749352 -0.07075783],[ 0.99762911 -0.06881969],[ 0.99957381 -0.02919235],[ 0.99992355 -0.01236489],[ 0.99728957 -0.07357655],[ 0.99692433 -0.07837016],[ 0.99852269 -0.05433634],[ 0.99958383 -0.02884737],[ 0.99930615 -0.03724539],[ 0.99835478 -0.05733869],[ 0.99963733 -0.02692972],[ 0.99696017 -0.07791289],[ 0.99785903 -0.06540151],[ 0.99334813 -0.11514984],[ 0.98888118 -0.14870781],[ 0.99906306 -0.04327826],[ 0.99973492 -0.02302354],[ 1. -0.],[ 0.99858014 -0.05327018],[ 0.99963603 -0.02697778],[ 0.99992943 -0.0118799 ],[0.99959957 0.02829659],[0.99831483 0.05803012],[ 0.99994848 -0.01015061],[ 0.99769956 -0.06779076],[ 0.99994074 -0.01088644],[ 0.99936684 -0.03557969],[ 0.99997815 -0.00661113],[ 0.99973946 -0.02282575],[ 0.99998296 -0.00583723],[ 0.99916642 -0.04082239],[0.99984239 0.01775378],[0.99983961 0.01790965],[ 0.99996336 -0.00856048],[ 0.99999327 -0.00366757],[ 0.99991685 -0.01289576],[ 0.99990269 -0.0139505 ],[ 0.99861661 -0.05258193],[ 1. -0.],[ 1. -0.],[ 0.99868491 -0.05126833],[ 0.99913727 -0.04152971],[ 1. -0.],[ 0.99999928 -0.00119793],[ 0.99987817 -0.01560901],[ 0.99958992 -0.02863543],[ 0.99999347 -0.00361382],[ 0.99992913 -0.0119052 ],[ 1. -0.],[ 0.99987797 -0.01562169],[ 0.9995545  -0.02984616],[ 0.99964654 -0.02658581],[ 0.99996501 -0.00836495],[ 9.99999874e-01 -5.02117435e-04],[ 0.99998364 -0.0057198 ],[ 0.99994014 -0.01094113],[ 0.99974081 -0.02276648],[ 0.99998337 -0.00576747],[0.99972089 0.02362498],[0.99998188 0.00601931],[ 0.9999603  -0.00891103],[ 0.99981947 -0.01900047],[ 0.99987594 -0.01575157],[ 0.99999823 -0.00188136],[0.99997919 0.00645073],[ 0.99986066 -0.01669336],[ 1. -0.],[0.99999398 0.0034685 ],[1. 0.],[0.99998863 0.00476836],[0.99950336 0.0315124 ],[ 0.99902066 -0.04424612],[ 0.99997851 -0.00655588],[ 0.99997665 -0.00683436],[ 0.99995802 -0.00916311],[0.99948224 0.03217518],[0.99483811 0.10147482],[0.99714763 0.07547586],[0.99919495 0.04011794],[0.99998555 0.00537574],[0.99996871 0.00791099],[ 0.99999329 -0.00366309],[ 0.99992957 -0.01186847],[ 0.99949081 -0.03190812],[ 0.99966371 -0.02593207],[ 0.9998258 -0.0186647]
[ 0.99963751 -0.02692301],[0.99992049 0.01260997],[ 0.99630352 -0.08590279],[0.99935546 0.03589795],[ 0.99960951 -0.02794334],[ 0.99951633 -0.03109827],[ 0.99897217 -0.04532769],[ 0.99851282 -0.05451742],[ 0.99854149 -0.0539898 ],[0.99788118 0.06506265],[ 0.99984952 -0.01734775],[0.99618141 0.0873075 ],[ 0.99780221 -0.06626267],[ 0.99638932 -0.0849018 ],[ 0.99413268 -0.10816755],[0.99698297 0.07762055],[ 0.99895358 -0.04573552],[ 0.9984315  -0.05598704],[0.99951383 0.03117854],[ 0.99996795 -0.00800626],[0.9932511  0.11598383],[0.99645909 0.08407899],[0.99003087 0.14085053],[0.99999369 0.00355165],[0.99127669 0.13179726],[ 0.99551514 -0.09460233],[ 9.99999656e-01 -8.28979923e-04],[ 0.99726412 -0.07392067],[ 0.99683096 -0.07954897],[0.9975002  0.07066363],[0.99382036 0.11100042],[0.99750086 0.07065439],[ 0.99296844 -0.11837942],[0.99750948 0.07053254],[ 0.99814443 -0.06089093],[0.99342111 0.11451853],[0.99720068 0.07477163],[ 0.9974169  -0.07182982],[0.99735959 0.0726213 ],[ 0.99664433 -0.08185401],[ 0.9982421  -0.05926806],[ 0.99529186 -0.09692323],[0.99957414 0.02918127],[ 0.99956962 -0.02933551],[ 0.98414826 -0.17734771],[ 0.99999497 -0.00317082],[ 0.999283  -0.0378614],[ 0.99832079 -0.05792762],[0.99778594 0.06650722],[0.99752205 0.07035459],[ 0.9984448  -0.05574932],[0.99749273 0.07076899],[ 0.99988086 -0.01543557],[ 0.99869585 -0.05105496],[ 9.99999947e-01 -3.25683708e-04],[ 0.99987424 -0.0158591 ],[ 0.99959733 -0.02837555],[0.99953233 0.03057983],[0.99981192 0.01939372],[0.99999456 0.00329757],[0.99984378 0.01767532],[0.99982321 0.01880292],[0.99934701 0.03613234],[ 0.99972768 -0.02333593],[ 0.99984059 -0.01785483],[0.99948956 0.03194719],[ 0.99249162 -0.12231262],[ 0.99955463 -0.02984201],[ 0.99939433 -0.03479909],[ 0.99251034 -0.12216066],[ 0.99827462 -0.0587178 ],[ 0.99621062 -0.08697359],[0.99762609 0.06886345],[ 0.99707709 -0.07640207],[ 0.99730037 -0.07343004],[ 0.99945614 -0.03297598],[ 0.99994649 -0.01034495],[ 0.99706533 -0.07655541],[ 0.99811799 -0.06132276],[ 0.99877326 -0.04951738],[ 0.9994119  -0.03429069],[ 0.99903945 -0.04381986],[ 0.99796696 -0.06373347],[ 0.99959735 -0.02837502],[ 0.99814141 -0.06094041],[ 0.99735614 -0.07266861],[ 0.99549781 -0.0947846 ],[ 0.9927478  -0.12021563],[ 0.99885276 -0.04788708],[ 0.99961236 -0.0278411 ],[ 1. -0.],[ 0.9991506  -0.04120782],[ 0.99956287 -0.02956457],[ 0.99998595 -0.00530153],[0.9992956  0.03752736],[0.99748953 0.07081405],[ 0.9997114  -0.02402323],[ 0.99765653 -0.06842115],[ 0.99996907 -0.00786494],[ 0.99918933 -0.04025768],[ 0.99997632 -0.00688112],[ 0.99962605 -0.02734536],[ 0.99996311 -0.00858937],[ 0.99924749 -0.03878738],[0.99989412 0.01455172],[0.99950333 0.03151352],[ 0.99997453 -0.00713768],[ 0.99999675 -0.00254893],[ 0.99990561 -0.01373935],[ 0.9999138  -0.01312993],[ 0.99920144 -0.03995597],[ 1. -0.],[ 1. -0.],[ 0.99815177 -0.0607705 ],[ 0.99922019 -0.03948424],[ 1. -0.],[ 0.99999884 -0.00152633],[ 0.99988545 -0.01513582],[ 0.99972986 -0.02324245],[ 0.99997286 -0.007368  ],[ 0.99992766 -0.01202795],[ 1. -0.],[ 0.99987872 -0.01557404],[ 0.9994503 -0.0331525],[ 0.99947963 -0.03225623],[ 0.99999525 -0.00308249],[0.99997753 0.00670318],[ 0.99999694 -0.00247352],[ 0.99994019 -0.01093731],[ 0.99980267 -0.0198652 ],[9.99999982e-01 1.87833701e-04],[0.99977666 0.02113356],[0.99998569 0.00534898],[ 0.99999374 -0.00353949],[ 0.99989376 -0.0145761 ],[ 0.99991998 -0.0126503 ],[0.99999685 0.00251106],[0.99999178 0.00405384],[ 0.99993509 -0.01139354],[ 1. -0.],[0.99997698 0.00678509],[1. 0.],[0.99996288 0.00861649],[0.99909003 0.042651  ],[ 0.99909485 -0.04253788],[ 0.99999339 -0.00363607],[ 0.99999334 -0.00364988],[ 0.99993414 -0.01147669],[0.99953534 0.03048125],[0.99497293 0.10014426],[0.9963893  0.08490206],[0.99845622 0.05554444],[0.99995605 0.00937589],[0.99998508 0.00546283],[ 0.99999643 -0.00267092],[ 0.99994353 -0.01062706],[ 0.99965934 -0.02609984],[ 0.99972957 -0.02325496],[ 0.99986036 -0.01671115]
[ 0.99928701 -0.0377554 ],[0.9999016  0.01402809],[ 0.99765921 -0.06838201],[0.99859477 0.05299506],[ 0.99916149 -0.04094287],[ 0.99976584 -0.02163961],[ 0.99907269 -0.04305532],[ 0.99906869 -0.04314804],[ 0.99824966 -0.05914063],[0.99720158 0.0747597 ],[ 0.99988523 -0.01515   ],[0.99699882 0.0774167 ],[ 0.99863865 -0.0521617 ],[ 0.9976896  -0.06793721],[ 0.9946625  -0.10318194],[0.99762714 0.06884827],[ 0.99919192 -0.04019339],[ 0.99902865 -0.04406528],[0.99949707 0.03171137],[ 0.99998126 -0.00612231],[0.99376957 0.11145424],[0.99646925 0.08395847],[0.99196012 0.12655086],[0.9999595  0.00900045],[0.99290926 0.11887474],[ 0.99721635 -0.07456234],[0.99996796 0.00800478],[ 0.99732648 -0.07307457],[ 0.99676837 -0.08032941],[0.99811468 0.06137655],[0.99476612 0.1021781 ],[0.99641281 0.08462573],[ 0.99259797 -0.12144657],[0.99641917 0.08455077],[ 0.99807902 -0.06195384],[0.99385968 0.11064781],[0.9976307  0.06879672],[ 0.9973405  -0.07288297],[0.99631556 0.0857631 ],[ 0.99937682 -0.03529839],[ 0.99891474 -0.04657621],[ 0.99890104 -0.04686904],[ 0.99996233 -0.00867945],[ 0.9999305  -0.01178966],[ 0.98526793 -0.17101786],[0.99997674 0.00682038],[ 0.9999287  -0.01194154],[ 0.99908883 -0.04267904],[0.99769304 0.06788668],[0.9964409  0.08429437],[ 0.99835267 -0.05737546],[0.99640828 0.08467909],[0.99999089 0.00426854],[ 0.99866993 -0.05155939],[ 0.99998545 -0.0053938 ],[ 0.99985104 -0.01725987],[ 0.99974662 -0.02250985],[0.99931548 0.03699413],[ 0.99993857 -0.01108434],[0.99962767 0.02728605],[ 0.99984794 -0.0174384 ],[0.99986509 0.01642535],[0.9992774  0.03800885],[ 0.99997981 -0.00635413],[ 0.99972421 -0.02348417],[0.99923753 0.03904309],[ 0.99178717 -0.12789918],[ 0.99968137 -0.02524206],[ 0.99944555 -0.03329542],[ 0.99217331 -0.12486844],[ 0.99906442 -0.04324679],[ 0.99544455 -0.0953423 ],[0.99668454 0.08136289],[ 0.996326   -0.08564167],[ 0.99734904 -0.07276603],[ 0.99932057 -0.03685636],[ 0.99996799 -0.00800137],[ 0.99694562 -0.07809883],[ 0.9988479  -0.04798816],[ 0.99907126 -0.0430886 ],[ 0.99939478 -0.03478622],[ 0.99926262 -0.0383955 ],[ 0.99847727 -0.05516471],[ 0.99983247 -0.01830405],[ 0.9988614  -0.04770648],[ 0.99730533 -0.07336265],[ 0.99553402 -0.09440344],[ 0.9923229 -0.123674 ],[ 0.99869723 -0.05102794],[ 0.99949982 -0.03162437],[ 1. -0.],[ 0.99952529 -0.03080899],[ 0.99950817 -0.03135957],[0.9999973  0.00232266],[0.99882544 0.04845355],[0.99728098 0.07369286],[ 0.99935114 -0.03601805],[ 0.99760756 -0.06913148],[ 0.9999896  -0.00456048],[ 0.9990991  -0.04243808],[ 0.99997708 -0.00677099],[ 0.9995249  -0.03082173],[ 0.99992918 -0.0119009 ],[ 0.99937329 -0.0353981 ],[0.99994983 0.01001679],[0.99833691 0.05764902],[ 0.99998331 -0.00577686],[ 0.99999934 -0.00115222],[ 0.99987885 -0.0155655 ],[ 0.9999253  -0.01222282],[ 0.99958613 -0.02876747],[ 1. -0.],[ 1. -0.],[ 0.9975227  -0.07034528],[ 0.99934267 -0.0362523 ],[ 1. -0.],[ 0.99999864 -0.00164828],[ 0.99989915 -0.01420155],[ 0.99986428 -0.01647503],[ 0.99993208 -0.01165517],[ 0.99993066 -0.01177603],[ 1. -0.],[ 0.99988734 -0.01501051],[ 0.99934396 -0.03621683],[ 0.99932095 -0.03684622],[0.99999813 0.00193494],[0.99971057 0.02405793],[9.99999743e-01 7.17234022e-04],[ 0.99994461 -0.01052548],[ 0.999867  -0.0163092],[ 0.99998761 -0.00497845],[0.99986666 0.01632981],[0.99998539 0.00540532],[0.99999843 0.00177205],[ 0.99995296 -0.00969911],[ 0.99996629 -0.00821113],[0.99977341 0.02128699],[0.99999906 0.0013708 ],[0.99999782 0.00209016],[ 1. -0.],[0.99995951 0.00899903],[1. 0.],[0.9999347  0.01142768],[0.99798355 0.06347314],[ 0.99915992 -0.04098119],[ 0.99999842 -0.00177952],[ 0.99999888 -0.00149585],[ 0.99995308 -0.0096875 ],[0.99900422 0.04461573],[0.99605894 0.0886938 ],[0.99545107 0.09527419],[0.99814255 0.06092166],[0.99957267 0.02923148],[0.99999763 0.00217911],[ 0.99999837 -0.00180671],[ 0.99996139 -0.0087877 ],[ 0.99978843 -0.02056939],[ 0.99983476 -0.01817839],[ 0.99990158 -0.01402972]
[ 0.99916647 -0.04082113],[0.99989908 0.01420654],[ 0.99832729 -0.0578155 ],[0.99739718 0.07210315],[ 0.99930334 -0.03732068],[ 0.99993968 -0.01098342],[ 0.99902791 -0.04408219],[ 0.99933383 -0.03649515],[ 0.99746358 -0.07117868],[0.99631164 0.08580855],[ 0.9999222  -0.01247336],[0.99750586 0.07058364],[ 0.99903336 -0.04395841],[ 0.9983298  -0.05777213],[ 0.99452739 -0.10447613],[0.99802928 0.06274999],[ 0.99919698 -0.04006747],[ 0.99930767 -0.03720462],[0.99935115 0.03601765],[ 0.99998469 -0.0055341 ],[0.99382802 0.1109318 ],[0.99631247 0.08579897],[0.99315098 0.11683802],[0.99995044 0.0099562 ],[0.99393708 0.10995036],[ 0.99805653 -0.06231497],[0.99993383 0.01150375],[ 0.99659156 -0.08249399],[ 0.99681465 -0.07975309],[0.99826719 0.05884405],[0.99523957 0.09745874],[0.99494754 0.10039621],[ 0.99352313 -0.11363006],[0.99495208 0.10035117],[ 0.99745004 -0.07136822],[0.99386353 0.11061323],[0.99785343 0.0654869 ],[ 0.9964435  -0.08426359],[0.99488224 0.1010412 ],[ 0.99950534 -0.03144958],[ 0.99948923 -0.0319573 ],[ 0.99913366 -0.04161652],[ 0.99993732 -0.01119669],[0.99999083 0.00428136],[ 0.98647107 -0.16393542],[0.99988144 0.01539842],[0.99992634 0.01213761],[ 0.99953186 -0.030595  ],[0.99739083 0.07219094],[0.99497582 0.10011553],[ 0.99820398 -0.0599067 ],[0.99494518 0.10041952],[0.99988992 0.01483731],[ 0.99831203 -0.05807823],[ 0.99997065 -0.00766113],[ 0.99981689 -0.0191359 ],[ 0.99984129 -0.01781582],[0.99896395 0.04550863],[ 0.99999904 -0.00138692],[0.99890453 0.04679457],[ 0.99997865 -0.00653396],[0.99988637 0.01507472],[0.99925747 0.03852943],[0.99996047 0.00889169],[ 0.99949475 -0.03178443],[0.99881923 0.04858143],[ 0.99246195 -0.12255317],[ 0.99984016 -0.01787868],[ 0.99930937 -0.03715879],[ 0.99346368 -0.11414868],[ 0.99951471 -0.03115045],[ 0.99447203 -0.10500179],[0.99551981 0.09455318],[ 0.9953003  -0.09683652],[ 0.99660535 -0.08232726],[ 0.9991897  -0.04024851],[ 0.99998106 -0.00615437],[ 0.99628691 -0.08609522],[ 0.99946672 -0.03265383],[ 0.99898608 -0.04502006],[ 0.99906375 -0.04326221],[ 0.99924242 -0.03891761],[ 0.99875736 -0.04983712],[ 0.99997196 -0.00748894],[ 0.99947264 -0.03247227],[ 0.99642022 -0.08453838],[ 0.99634786 -0.08538704],[ 0.99330871 -0.11548944],[ 0.99858702 -0.05314096],[ 0.99941933 -0.03407336],[ 1. -0.],[ 0.99973354 -0.02308335],[ 0.99950114 -0.0315829 ],[0.99994779 0.01021811],[0.99806828 0.06212662],[0.9968869  0.07884479],[ 0.99922495 -0.03936357],[ 0.99716067 -0.07530334],[ 0.999999   -0.00141771],[ 0.99918885 -0.04026967],[ 0.99998002 -0.00632072],[ 0.99945525 -0.03300296],[ 0.99989318 -0.01461584],[ 0.9995201  -0.03097692],[0.99997671 0.00682478],[0.99677326 0.08026873],[ 0.99998956 -0.00457008],[ 9.99999952e-01 -3.08235844e-04],[ 0.99984737 -0.01747113],[ 0.99993239 -0.01162834],[ 0.99979974 -0.02001204],[ 1. -0.],[ 1. -0.],[ 0.99677807 -0.08020892],[ 0.99948022 -0.032238  ],[ 1. -0.],[ 0.99999866 -0.00163902],[ 0.99991711 -0.01287531],[ 0.99993262 -0.01160864],[ 0.99988236 -0.01533851],[ 0.99993642 -0.01127641],[ 1. -0.],[ 0.99990163 -0.01402585],[ 0.999265   -0.03833353],[ 0.99917737 -0.04055336],[0.99998364 0.00572046],[0.99932811 0.03665149],[0.9999949  0.00319458],[ 0.99995228 -0.00976907],[ 0.9999213  -0.01254583],[ 0.99997356 -0.00727162],[0.99990826 0.01354518],[0.99996164 0.00875848],[0.99998107 0.00615233],[ 0.9999773  -0.00673827],[ 0.99998762 -0.0049757 ],[0.99932626 0.03670192],[0.99999906 0.00136831],[0.99989808 0.01427711],[ 1. -0.],[0.99993716 0.01121046],[1. 0.],[0.99989809 0.01427649],[0.99720088 0.07476908],[ 0.99909335 -0.04257329],[ 9.99999919e-01 -4.02239054e-04],[9.99999982e-01 1.87198384e-04],[ 0.99996069 -0.0088662 ],[0.99866565 0.05164225],[0.99676173 0.08041183],[0.99404907 0.10893319],[0.99763119 0.06878964],[0.99909774 0.04247015],[ 0.99999932 -0.00116561],[ 0.99999932 -0.0011631 ],[ 0.99997422 -0.00717987],[ 0.99987212 -0.01599171],[ 0.9998973  -0.01433125],[ 0.99993885 -0.01105891]
[ 0.99891308 -0.04661184],[0.99970372 0.02434066],[ 0.99883531 -0.04824958],[0.99698902 0.07754285],[ 0.99915118 -0.04119361],[ 0.99992012 -0.01263941],[ 0.99912166 -0.04190352],[ 0.99949963 -0.0316305 ],[ 0.99756856 -0.06969191],[0.99520149 0.09784677],[ 0.99995409 -0.00958192],[0.99630824 0.08584805],[ 0.99930216 -0.03735219],[ 0.99883001 -0.04835909],[ 0.99525504 -0.09730054],[0.99713399 0.0756558 ],[ 0.99916648 -0.04082089],[ 0.99948214 -0.03217829],[0.99911177 0.04213872],[ 0.99997035 -0.00770062],[0.9929546  0.11849537],[0.99626965 0.08629478],[0.99020032 0.13965433],[0.99996501 0.00836547],[0.99103855 0.13357614],[ 0.99867241 -0.05151127],[0.99993903 0.01104281],[ 0.99691914 -0.07843611],[ 0.9973276  -0.07305925],[0.99836813 0.05710589],[0.99389416 0.1103377 ],[0.9964152  0.08459758],[ 0.99465675 -0.1032373 ],[0.99641606 0.0845874 ],[ 0.99710382 -0.07605246],[0.99308668 0.11738336],[0.99590385 0.09041854],[ 0.99674783 -0.08058389],[0.99637999 0.08501123],[ 0.99930215 -0.03735242],[ 0.99974828 -0.02243589],[ 0.99893556 -0.04612753],[ 0.99974768 -0.02246265],[0.99977946 0.02100051],[ 0.98812687 -0.15364014],[0.99995309 0.00968644],[0.99940435 0.0345102 ],[ 0.99977118 -0.02139144],[0.99713344 0.07566312],[0.99642509 0.08448106],[ 0.99831669 -0.05799815],[0.99641389 0.08461303],[0.99996468 0.00840525],[ 0.99780317 -0.06624826],[ 0.9999632 -0.0085785],[ 0.99976869 -0.02150724],[ 0.99988943 -0.01487051],[0.99837402 0.05700271],[0.99997798 0.00663592],[0.99802229 0.06286097],[0.99999721 0.00236243],[0.99989488 0.01449952],[0.99928386 0.03783879],[0.99970683 0.02421285],[ 0.99885056 -0.0479328 ],[0.99810407 0.06154897],[ 0.99343338 -0.11441206],[ 0.99995388 -0.00960395],[ 0.99908126 -0.042856  ],[ 0.9947623 -0.1022153],[ 0.99976235 -0.0218003 ],[ 0.99387501 -0.11051003],[0.99417771 0.10775285],[ 0.99459807 -0.1038012 ],[ 0.99692756 -0.07832901],[ 0.99905603 -0.04344027],[ 0.99997631 -0.00688332],[ 0.99605686 -0.08871713],[ 0.99974283 -0.02267777],[ 0.99894309 -0.04596426],[ 0.9991844  -0.04037978],[ 0.99924723 -0.03879401],[ 0.99869043 -0.0511608 ],[ 0.99995329 -0.00966506],[ 0.99974506 -0.02257899],[ 0.99673613 -0.08072843],[ 0.99694461 -0.07811176],[ 0.99451352 -0.1046081 ],[ 0.99846139 -0.05545136],[ 0.9993671  -0.03557247],[ 1. -0.],[ 0.99988686 -0.01504192],[ 0.9995669  -0.02942815],[0.99984206 0.01777246],[0.99698414 0.07760555],[0.99657531 0.08269011],[ 0.9989378  -0.04607896],[ 0.99676374 -0.08038686],[ 0.999997   -0.00244936],[ 0.99930485 -0.03728019],[ 0.99998451 -0.00556519],[ 0.99941263 -0.03426945],[ 0.99985987 -0.01674013],[ 0.99968852 -0.02495724],[0.99999011 0.00444678],[0.99555438 0.09418856],[ 0.99999455 -0.00330172],[ 9.99999896e-01 -4.56569608e-04],[ 0.99981237 -0.01937091],[ 0.99993138 -0.01171494],[ 0.99993925 -0.01102245],[ 1. -0.],[ 1. -0.],[ 0.99651126 -0.08345847],[ 0.99963653 -0.02695938],[ 1. -0.],[ 0.99999875 -0.00157942],[ 0.99993704 -0.01122159],[ 0.99996592 -0.00825537],[ 0.99983002 -0.01843743],[ 0.99994291 -0.01068552],[ 1. -0.],[ 0.99991813 -0.0127957 ],[ 0.99921194 -0.03969263],[ 0.9992178  -0.03954472],[0.99996345 0.00854948],[0.99912219 0.04189098],[0.99999049 0.0043612 ],[ 0.99995983 -0.00896318],[ 0.99996016 -0.0089259 ],[ 0.99996666 -0.00816514],[0.99992464 0.01227678],[0.99989433 0.01453684],[0.99994742 0.01025421],[ 0.99998705 -0.00508968],[ 0.99999716 -0.0023816 ],[0.99890548 0.04677441],[0.99999526 0.00307951],[0.99965729 0.02617831],[ 1. -0.],[0.99989744 0.01432168],[1. 0.],[0.99983646 0.01808464],[0.99724419 0.07418915],[ 0.99916109 -0.04095257],[0.99999922 0.0012458 ],[0.99999768 0.00215251],[ 0.99994224 -0.01074831],[0.99873872 0.05020918],[0.99516878 0.09817894],[0.9958805  0.09067538],[0.99721412 0.07459217],[0.99893905 0.04605197],[ 0.99998983 -0.00451101],[ 9.99999707e-01 -7.65993262e-04],[ 0.99998384 -0.00568427],[ 0.99991852 -0.01276531],[ 0.99993358 -0.01152553],[ 0.99996691 -0.00813505]
[ 0.99881274 -0.0487146 ],[0.99974245 0.02269428],[ 0.99901085 -0.04446705],[0.99612345 0.0879663 ],[ 0.99930806 -0.03719401],[ 0.99996925 -0.00784204],[ 0.99910157 -0.0423799 ],[ 0.99955319 -0.02989021],[ 0.99747916 -0.07096009],[0.99437561 0.10591099],[ 0.9999768  -0.00681175],[0.99672904 0.08081601],[ 0.99938507 -0.03506394],[ 0.99902553 -0.04413603],[ 0.99558305 -0.09388496],[0.99746424 0.07116939],[ 0.99919959 -0.04000222],[ 0.99953879 -0.03036784],[0.99893635 0.0461105 ],[ 0.99996588 -0.00826045],[0.9931494  0.11685146],[0.99677955 0.08019061],[0.99108707 0.13321566],[0.99992828 0.01197677],[0.99185471 0.12737435],[ 0.99891972 -0.0464692 ],[0.99986989 0.01613056],[ 0.99691435 -0.07849697],[ 0.997745   -0.06711871],[0.99878657 0.04924814],[0.99430214 0.10659858],[0.99587149 0.0907743 ],[ 0.99589062 -0.09056416],[0.9958704  0.09078624],[ 0.99651129 -0.08345804],[0.99324711 0.11601801],[0.99629506 0.08600092],[ 0.99678848 -0.08007948],[0.99584849 0.09102634],[ 0.99931401 -0.03703376],[ 0.9998833  -0.01527726],[ 0.99899264 -0.04487434],[ 0.99965304 -0.02634015],[0.99932739 0.03667106],[ 0.99048219 -0.13764096],[0.99993824 0.01111404],[0.99866684 0.05161913],[ 0.99989328 -0.01460946],[0.99736327 0.07257067],[0.99587855 0.09069679],[ 0.99831191 -0.05808036],[0.9958701  0.09078955],[0.99994862 0.0101369 ],[ 0.99746776 -0.07112003],[ 0.99996285 -0.00861957],[ 0.99970144 -0.02443425],[ 0.99990049 -0.01410681],[0.99746829 0.07111269],[0.999931   0.01174705],[0.9972759  0.07376158],[0.99996786 0.00801749],[0.9999012  0.01405646],[0.9993568  0.03586063],[0.99927201 0.03815046],[ 0.99721741 -0.0745482 ],[0.99699124 0.07751428],[ 0.99483304 -0.10152451],[ 0.99999765 -0.00217004],[ 0.99891118 -0.04665242],[ 0.99609301 -0.08831032],[ 0.99988911 -0.01489209],[ 0.9940913  -0.10854713],[0.99280127 0.11977331],[ 0.99469732 -0.10284573],[ 0.99691929 -0.07843422],[ 0.99863671 -0.05219884],[ 0.99993692 -0.01123158],[ 0.99562257 -0.093465  ],[ 0.99988147 -0.01539602],[ 0.99860219 -0.05285511],[ 0.99920984 -0.03974547],[ 0.9992788  -0.03797203],[ 0.99883407 -0.04827517],[ 0.99998646 -0.00520474],[ 0.99988235 -0.01533885],[ 0.99680235 -0.07990671],[ 0.99772813 -0.06736904],[ 0.99582298 -0.09130496],[ 0.9988177  -0.04861286],[ 0.9993456  -0.03617137],[ 1. -0.],[ 0.99999184 -0.00404085],[ 0.99968147 -0.02523822],[0.9997167  0.02380158],[0.99566366 0.09302617],[0.99680349 0.0798924 ],[ 0.9988213  -0.04853879],[ 0.99596416 -0.08975183],[ 0.99993763 -0.01116892],[ 0.99971636 -0.023816  ],[ 0.99998968 -0.00454399],[ 0.99941369 -0.03423845],[ 0.99983427 -0.01820529],[ 0.9998224  -0.01884575],[0.99999552 0.00299294],[0.99429771 0.10663989],[ 0.99999735 -0.00230003],[ 9.99999611e-01 -8.81630177e-04],[ 0.99977739 -0.02109888],[ 0.99991702 -0.01288202],[9.99999950e-01 3.15365783e-04],[ 1. -0.],[ 1. -0.],[ 0.9961906  -0.08720255],[ 0.9997563  -0.02207561],[ 1. -0.],[ 0.99999878 -0.00156215],[ 0.99995666 -0.00931031],[ 0.99998189 -0.00601884],[ 0.99978097 -0.02092872],[ 0.99994812 -0.01018656],[ 1. -0.],[ 0.99993378 -0.01150842],[ 0.99888465 -0.04721707],[ 0.99913524 -0.04157852],[0.99993919 0.01102833],[0.99864315 0.05207552],[0.99998654 0.0051892 ],[ 0.99996907 -0.00786517],[ 0.99998407 -0.00564505],[ 0.99996708 -0.00811372],[0.99991847 0.01276928],[0.99974314 0.02266403],[0.99989519 0.01447819],[ 0.99999036 -0.00439069],[9.99999997e-01 7.82291146e-05],[0.99848622 0.05500247],[0.99997998 0.00632798],[0.99926993 0.03820485],[ 1. -0.],[0.99982771 0.01856219],[1. 0.],[0.9997337  0.02307662],[0.99697252 0.0777547 ],[ 0.9991272  -0.04177136],[0.999995   0.00316175],[0.99999029 0.00440658],[ 0.99993168 -0.0116892 ],[0.99838499 0.05681038],[0.99590857 0.09036656],[0.99540299 0.09577523],[0.99734588 0.07280928],[0.99844594 0.05572891],[ 0.9999698  -0.00777191],[ 9.99999804e-01 -6.25628760e-04],[ 0.99999096 -0.00425317],[ 0.9999377  -0.01116258],[ 0.99995413 -0.00957785],[ 0.99998509 -0.00546072]
[ 0.99914701 -0.04129479],[0.99978514 0.02072872],[ 0.99906301 -0.04327937],[0.99485203 0.10133828],[ 0.99983059 -0.0184062 ],[0.99998705 0.00508835],[ 0.99901733 -0.04432119],[ 0.99958635 -0.0287599 ],[ 0.99718106 -0.07503293],[0.99330799 0.11549565],[ 0.99998885 -0.00472248],[0.99714446 0.07551775],[ 0.99942587 -0.03388103],[ 0.99907097 -0.04309532],[ 0.99555897 -0.09413998],[0.99777529 0.06666693],[ 0.99935141 -0.03601048],[ 0.99957416 -0.02918046],[0.99889125 0.04707728],[ 0.99997433 -0.00716577],[0.99330566 0.11551569],[0.99767869 0.06809718],[0.99212963 0.12521501],[0.99978747 0.02061579],[0.99284161 0.11943845],[ 0.9989882  -0.04497304],[0.99963854 0.02688482],[ 0.99661137 -0.08225435],[ 0.99804048 -0.06257157],[0.99936149 0.03572967],[0.99471499 0.1026747 ],[0.99497043 0.10016906],[ 0.99680854 -0.07982944],[0.99496841 0.10018916],[ 0.99570421 -0.09259121],[0.9933615  0.11503448],[0.99681116 0.07979667],[ 0.99643016 -0.08442122],[0.99495535 0.1003187 ],[ 0.99969865 -0.02454828],[ 0.9999282  -0.01198326],[ 0.99949358 -0.03182103],[ 0.99986545 -0.01640365],[0.99895796 0.04563991],[ 0.99256303 -0.12173179],[0.99974211 0.0227094 ],[0.99821841 0.0596658 ],[ 0.9999326  -0.01161045],[0.99801458 0.06298336],[0.99497546 0.10011913],[ 0.99820979 -0.05980974],[0.99496893 0.10018401],[0.99970803 0.02416311],[ 0.99726685 -0.07388394],[ 0.99996838 -0.00795222],[ 0.99960615 -0.02806305],[ 0.99987366 -0.0158955 ],[0.9962084  0.08699903],[0.99992625 0.01214507],[0.99708529 0.07629495],[0.99996293 0.00860981],[0.99993463 0.01143401],[0.99952318 0.03087736],[0.99894184 0.04599122],[ 0.99526621 -0.09718632],[0.99544178 0.09537119],[ 0.9959767  -0.08961261],[0.99999896 0.00144207],[ 0.99875889 -0.04980636],[ 0.99703197 -0.07698859],[ 0.99993043 -0.01179515],[ 0.99468366 -0.10297777],[0.99151646 0.12998116],[ 0.99517    -0.09816659],[ 0.99661422 -0.08221981],[ 0.99774329 -0.06714412],[ 0.99985668 -0.0169299 ],[ 0.99498205 -0.10005361],[ 0.99992722 -0.01206469],[ 0.99790643 -0.06467422],[ 0.99907566 -0.04298624],[ 0.99938536 -0.03505567],[ 0.99922399 -0.03938795],[0.99996972 0.00778212],[ 0.99992763 -0.01203064],[ 0.9964472  -0.08421977],[ 0.99846118 -0.05545511],[ 0.99678135 -0.08016824],[ 0.99944979 -0.03316812],[ 0.99936466 -0.03564099],[ 1. -0.],[0.99999032 0.00439953],[ 0.99976658 -0.02160527],[0.99965427 0.02629324],[0.99425155 0.10706942],[0.99750582 0.07058431],[ 0.99919013 -0.04023786],[ 0.99479078 -0.10193775],[ 0.99981144 -0.01941863],[ 0.99999906 -0.00136755],[ 0.99999451 -0.00331276],[ 0.99946595 -0.03267729],[ 0.99982209 -0.01886237],[ 0.99991172 -0.01328762],[0.9999971  0.00240773],[0.99305393 0.1176601 ],[ 0.99999854 -0.00171095],[ 0.99999899 -0.00142297],[ 0.99974812 -0.02244308],[ 0.99987787 -0.01562814],[0.99995934 0.00901719],[ 1. -0.],[ 1. -0.],[ 0.99584491 -0.09106544],[ 0.9998321 -0.0183239],[ 1. -0.],[ 0.99999858 -0.00168311],[ 0.99997411 -0.00719645],[ 0.99999024 -0.00441771],[ 0.99974093 -0.02276101],[ 0.99995036 -0.00996385],[ 1. -0.],[ 0.99994664 -0.0103301 ],[ 0.99808049 -0.06193004],[ 0.99885838 -0.04776964],[0.99990482 0.01379698],[0.9976784  0.06810141],[0.99998204 0.00599265],[ 0.99997924 -0.00644338],[ 0.99999615 -0.00277396],[ 0.99997348 -0.00728293],[0.99988636 0.01507552],[0.99946333 0.03275751],[0.99981186 0.01939718],[ 0.99999093 -0.00425963],[0.99999559 0.00296988],[0.99807089 0.06208461],[0.99994224 0.01074831],[0.99874354 0.0501133 ],[ 1. -0.],[0.99970408 0.02432594],[1. 0.],[0.99956264 0.02957249],[0.99614925 0.0876737 ],[ 0.99903434 -0.04393612],[0.99998541 0.00540275],[0.99997538 0.00701779],[ 0.99993306 -0.01157039],[0.99744456 0.07144477],[0.99674007 0.08067976],[0.99449746 0.10476069],[0.99793662 0.06420665],[0.99739999 0.07206421],[ 0.99994105 -0.0108579 ],[ 9.99999683e-01 -7.96091888e-04],[ 0.99999593 -0.00285463],[ 0.9999355  -0.01135767],[ 0.99996605 -0.00824021],[ 0.99999507 -0.00313987]
[ 0.9996155  -0.02772805],[0.9997959  0.02020306],[ 0.99902775 -0.04408582],[0.9942561  0.10702711],[0.99996875 0.00790505],[0.99978679 0.02064893],[ 0.99888838 -0.04713809],[ 0.99960542 -0.02808916],[ 0.99689451 -0.07874854],[0.99299242 0.11817805],[ 0.99999208 -0.00397956],[0.9973065  0.07334674],[ 0.99943194 -0.03370153],[ 0.99903219 -0.04398511],[ 0.99545933 -0.09518781],[0.99787831 0.06510662],[ 0.99952795 -0.03072261],[ 0.9995942  -0.02848564],[0.99884367 0.04807617],[ 0.99999117 -0.00420223],[0.99351128 0.11373361],[0.99816226 0.06059792],[0.99273685 0.12030604],[0.99960695 0.02803483],[0.9934157  0.11456551],[ 0.99895831 -0.04563215],[0.99934117 0.03629374],[ 0.99629879 -0.08595768],[ 0.99823913 -0.05931812],[0.99961588 0.02771461],[0.99496572 0.10021585],[0.99464641 0.10333695],[ 0.99756557 -0.06973478],[0.99464412 0.10335895],[ 0.99487344 -0.10112785],[0.9935475  0.11341678],[0.99715694 0.07535272],[ 0.9960734  -0.08853125],[0.9946372  0.10342549],[ 0.99998125 -0.00612443],[ 0.99990889 -0.01349822],[ 0.99992346 -0.01237206],[9.99999834e-01 5.76755689e-04],[0.99887007 0.04752455],[ 0.99443595 -0.10534293],[0.999297   0.03749017],[0.99822492 0.05955675],[ 0.99991043 -0.01338432],[0.99836098 0.05723076],[0.99464923 0.10330976],[ 0.99810382 -0.06155287],[0.99464486 0.10335179],[0.99908378 0.04279716],[ 0.9973566  -0.07266238],[ 0.99997209 -0.00747085],[ 0.99947589 -0.03237207],[ 0.99978646 -0.02066459],[0.99464908 0.10331126],[0.99996294 0.00860978],[0.99743932 0.0715179 ],[0.99998739 0.005021  ],[0.99998791 0.00491717],[0.99976975 0.02145794],[0.99886511 0.04762879],[ 0.99410853 -0.10838926],[0.9935573  0.11333086],[ 0.9969526  -0.07800976],[ 9.99999719e-01 -7.49464609e-04],[ 0.99872587 -0.05046413],[ 0.99775512 -0.06696807],[ 0.99990886 -0.01350094],[ 0.99560426 -0.0936598 ],[0.99040145 0.13822075],[ 0.99597382 -0.08964455],[ 0.99630043 -0.08593864],[ 0.99634223 -0.08545265],[ 0.99972343 -0.02351739],[ 0.99429408 -0.10667374],[ 0.99990746 -0.01360387],[ 0.99694741 -0.07807597],[ 0.99893851 -0.04606359],[ 0.99951492 -0.03114356],[ 0.99959107 -0.02859528],[0.9997239  0.02349736],[ 0.99990779 -0.01357968],[ 0.99609446 -0.08829402],[ 0.9990801  -0.04288314],[ 0.99755704 -0.06985662],[ 0.99987068 -0.0160819 ],[ 0.99943533 -0.03360092],[ 1. -0.],[0.99995261 0.00973589],[ 0.99977147 -0.0213776 ],[0.99972071 0.02363278],[0.99309707 0.11729536],[0.99801913 0.06291124],[ 0.99967687 -0.02541939],[ 0.99353623 -0.11351543],[ 0.99969381 -0.0247443 ],[0.99978589 0.02069226],[ 0.99999819 -0.00190185],[ 0.99956339 -0.02954696],[ 0.99982788 -0.01855293],[ 0.99996182 -0.00873804],[0.99999687 0.00250317],[0.99224913 0.12426448],[ 0.99999862 -0.00166123],[ 0.99999784 -0.00208043],[ 0.99973066 -0.02320777],[ 0.99979255 -0.02036828],[0.99989407 0.01455536],[ 1. -0.],[ 1. -0.],[ 0.99567029 -0.09295524],[ 0.99986951 -0.01615411],[ 1. -0.],[ 0.99999791 -0.00204315],[ 0.99998799 -0.00490132],[ 0.99999577 -0.00290777],[ 0.99971387 -0.02392009],[ 0.99994791 -0.01020656],[ 1. -0.],[ 0.99995584 -0.00939734],[ 0.99672962 -0.08080876],[ 0.99840444 -0.05646739],[0.99984734 0.01747299],[0.99657136 0.08273767],[0.99997558 0.00698861],[ 0.9999889  -0.00471153],[ 9.99999963e-01 -2.70818978e-04],[ 0.99997757 -0.0066979 ],[0.99981739 0.01911007],[0.99907675 0.04296099],[0.99967654 0.02543259],[ 0.99999461 -0.00328378],[0.99997267 0.00739271],[0.99759793 0.06927025],[0.99988531 0.01514511],[0.99807262 0.06205675],[ 1. -0.],[0.99948666 0.03203775],[1. 0.],[0.99928344 0.03784975],[0.99529678 0.09687269],[ 0.99889966 -0.04689856],[0.99996726 0.00809155],[0.9999488  0.01011897],[ 0.99995612 -0.00936778],[0.99641026 0.08465568],[0.99725453 0.07404995],[0.99420082 0.10753948],[0.99824762 0.05917501],[0.9962743 0.086241 ],[ 0.99990545 -0.01375114],[ 0.99999903 -0.00139354],[ 0.99999906 -0.00136916],[ 0.99990893 -0.01349585],[ 0.99997394 -0.00721985],[ 0.99999929 -0.00119156]
[ 0.9999395  -0.01099989],[0.99983083 0.0183935 ],[ 0.99893037 -0.04623975],[0.99366147 0.11241389],[0.99931422 0.03702828],[0.99925784 0.03851976],[ 0.99871549 -0.05066924],[ 0.99954152 -0.03027782],[ 0.99642414 -0.08449218],[0.992615   0.12130727],[ 0.99998578 -0.00533215],[0.99737296 0.0724374 ],[ 0.99935237 -0.03598386],[ 0.99893277 -0.04618791],[ 0.99513024 -0.09856883],[0.99794731 0.06404028],[ 0.99966305 -0.02595746],[ 0.99952729 -0.03074396],[0.99850517 0.0546573 ],[ 0.99997878 -0.00651487],[0.99334717 0.11515814],[0.99816851 0.06049486],[0.99271247 0.12050705],[0.99968415 0.02513181],[0.99338509 0.11483058],[ 0.9988596  -0.04774416],[0.99943825 0.03351396],[ 0.99574329 -0.09217   ],[ 0.99829775 -0.0583233 ],[0.99961728 0.0276638 ],[0.99492571 0.10061232],[0.99428072 0.10679815],[ 0.99833534 -0.0576763 ],[0.99427836 0.10682011],[ 0.99400171 -0.10936457],[0.99337739 0.11489719],[0.99706352 0.0765789 ],[ 0.99545127 -0.0952721 ],[0.99427495 0.10685192],[0.99989406 0.01455561],[ 0.99980416 -0.01978996],[0.999948   0.01019828],[0.9997906  0.02046347],[0.99903283 0.0439706 ],[ 0.99629232 -0.08603263],[0.99852589 0.05427746],[0.99855811 0.05368149],[ 0.99979962 -0.02001817],[0.99829948 0.05829363],[0.99428196 0.10678661],[ 0.99798819 -0.06340016],[0.99427914 0.10681288],[0.99789444 0.06485898],[ 0.99784821 -0.06556645],[ 9.99999949e-01 -3.17995088e-04],[ 0.99930504 -0.0372752 ],[ 0.99958007 -0.02897715],[0.9929939  0.11816562],[0.99999728 0.00233056],[0.99808113 0.06191978],[ 0.99999895 -0.00144873],[ 0.99998186 -0.00602388],[0.99997362 0.00726312],[0.99901035 0.0444784 ],[ 0.99360371 -0.11292324],[0.99163566 0.12906862],[ 0.99792827 -0.06433635],[ 0.9999581  -0.00915394],[ 0.9989192  -0.04648049],[ 0.99845047 -0.05564758],[ 0.99979805 -0.02009615],[ 0.99681702 -0.07972351],[0.98956396 0.1440943 ],[ 0.99707785 -0.07639219],[ 0.99574422 -0.09215991],[ 0.99443849 -0.10531897],[ 0.99950133 -0.03157688],[ 0.99356087 -0.11329962],[ 0.99979981 -0.02000874],[ 0.99580005 -0.09155468],[ 0.99869227 -0.05112475],[ 0.99960804 -0.02799581],[ 0.99984813 -0.01742769],[0.99913942 0.041478  ],[ 0.99980035 -0.01998143],[ 0.99547806 -0.09499171],[ 0.99961528 -0.0277362 ],[ 0.99833423 -0.05769551],[0.99999409 0.00343696],[ 0.99953338 -0.03054549],[ 1. -0.],[0.99990875 0.01350889],[ 0.99965562 -0.0262419 ],[0.99988175 0.01537807],[0.99207173 0.12567289],[0.99806347 0.06220375],[ 0.99997092 -0.0076267 ],[ 0.99232885 -0.12362627],[ 0.99955148 -0.02994738],[0.99908706 0.04272062],[ 9.99999947e-01 -3.26909604e-04],[ 0.99967301 -0.02557075],[ 0.99985323 -0.01713222],[ 0.99999289 -0.00377208],[0.99999557 0.00297595],[0.99315173 0.11683169],[ 0.99999843 -0.00177049],[ 0.99999222 -0.00394379],[ 0.99973047 -0.02321618],[ 0.99962693 -0.02731294],[0.99983097 0.01838579],[ 1. -0.],[ 1. -0.],[ 0.99574964 -0.09210132],[ 0.99990134 -0.01404685],[ 1. -0.],[ 0.99999619 -0.00276047],[ 0.99999707 -0.00241929],[ 9.99999609e-01 -8.84193276e-04],[ 0.99970192 -0.02441446],[ 0.99993811 -0.01112546],[ 1. -0.],[ 0.99996108 -0.00882209],[ 0.9947858  -0.10198633],[ 0.99780577 -0.06620912],[0.99972197 0.02357926],[0.99647471 0.08389368],[0.99997533 0.00702372],[ 0.99999498 -0.00316862],[0.99999798 0.00201168],[0.99999907 0.00136699],[0.99969642 0.02463859],[0.99900849 0.04452013],[0.99942964 0.0337698 ],[0.99998373 0.00570517],[0.99984978 0.01733279],[0.99785345 0.06548665],[0.99990027 0.01412252],[0.99749031 0.07080308],[ 1. -0.],[0.99911853 0.04197819],[1. 0.],[0.9988462  0.04802359],[0.99565069 0.09316497],[ 0.99872299 -0.05052109],[0.9999347  0.01142766],[0.99990327 0.01390842],[ 0.99993418 -0.01147346],[0.99659441 0.08245954],[0.99724979 0.07411386],[0.99383919 0.11083171],[0.99817091 0.06045527],[0.99638004 0.08501066],[ 0.99986311 -0.01654602],[ 0.99999669 -0.00257481],[9.99999897e-01 4.54969467e-04],[ 0.9998423  -0.01775886],[ 0.99998085 -0.00618855],[9.99999903e-01 4.40469192e-04]
[0.99999398 0.00346921],[0.99988948 0.01486677],[ 0.99865859 -0.05177866],[0.99335964 0.11505052],[0.99873202 0.05034229],[0.99957241 0.02924023],[ 0.9982816  -0.05859907],[ 0.999477   -0.03233777],[ 0.99820386 -0.05990872],[0.99249961 0.12224777],[ 0.99995544 -0.00944054],[0.99773049 0.067334  ],[ 0.99923409 -0.03913086],[ 0.99861471 -0.05261811],[ 0.99692683 -0.07833834],[0.99820808 0.05983839],[ 0.99981882 -0.01903491],[ 0.99945948 -0.03287472],[0.99857566 0.05335393],[ 0.9999908  -0.00428942],[0.99388515 0.11041874],[0.99866283 0.05169671],[0.99373309 0.11177902],[0.99959551 0.02843954],[0.99431159 0.10651036],[ 0.99852645 -0.05426719],[0.99925684 0.03854554],[ 0.99791029 -0.06461467],[ 0.99799921 -0.06322642],[0.99978771 0.02060446],[0.99547796 0.09499275],[0.99412324 0.10825429],[ 0.99896486 -0.04548853],[0.99412085 0.10827623],[ 0.99534116 -0.09641567],[0.99389206 0.11035657],[0.997481   0.07093417],[ 0.99776868 -0.06676571],[0.99411893 0.10829384],[0.99974114 0.02275186],[ 0.99955085 -0.02996828],[0.99979998 0.01999992],[0.99960644 0.02805281],[0.9993871  0.03500614],[ 0.99781975 -0.06599801],[0.99913962 0.04147317],[0.99910106 0.04239199],[ 0.99952469 -0.03082837],[0.99873268 0.05032932],[0.99412215 0.10826428],[ 0.99741814 -0.07181265],[0.99412164 0.10826898],[0.99868769 0.05121429],[ 0.99849723 -0.05480224],[ 0.99999192 -0.00402002],[ 0.99908691 -0.04272415],[ 0.9989412  -0.04600523],[0.99148297 0.13023643],[ 0.9999761  -0.00691335],[0.9988538  0.04786529],[ 0.99993972 -0.01097962],[ 0.99978104 -0.02092529],[ 0.99993948 -0.01100174],[0.9993382  0.03637534],[ 0.99405317 -0.1088958 ],[0.98999464 0.14110494],[ 0.99871819 -0.05061592],[ 0.99973667 -0.02294735],[ 0.99923042 -0.0392245 ],[ 0.99900062 -0.04469637],[ 0.99952268 -0.03089353],[ 0.99796352 -0.06378722],[0.98905173 0.1475692 ],[ 0.99813068 -0.06111583],[ 0.9979109  -0.06460528],[ 0.99431405 -0.10648743],[ 0.99923749 -0.03904401],[ 0.99502781 -0.09959743],[ 0.99953535 -0.03048073],[ 0.99626755 -0.08631895],[ 0.99955686 -0.02976732],[ 0.99981738 -0.01911052],[ 0.99986146 -0.01664538],[0.99950649 0.03141306],[ 0.99953682 -0.03043276],[ 0.99776826 -0.06677193],[ 0.99975734 -0.02202847],[ 0.99896453 -0.0454957 ],[0.99983428 0.01820475],[ 0.99967363 -0.02554652],[ 1. -0.],[0.99989484 0.01450229],[ 0.99934015 -0.03632174],[0.99999724 0.00234958],[0.99136241 0.13115098],[0.99859257 0.05303664],[0.9999765  0.00685612],[ 0.99330646 -0.11550877],[ 0.9994392  -0.03348565],[0.99841149 0.05634276],[0.99999906 0.00137082],[ 0.9997918  -0.02040459],[ 0.99989498 -0.01449259],[9.99999933e-01 3.65028334e-04],[0.9999942  0.00340625],[0.99284339 0.11942359],[ 0.99999736 -0.00229752],[ 0.99997832 -0.00658542],[ 0.99988923 -0.01488361],[ 0.99934088 -0.03630147],[0.99981187 0.01939649],[ 1. -0.],[ 1. -0.],[ 0.99516027 -0.09826515],[ 0.99991605 -0.01295702],[ 1. -0.],[ 0.99999204 -0.00399027],[9.99999967e-01 2.58539034e-04],[0.99999728 0.00233127],[ 0.99970628 -0.02423553],[ 0.9999158  -0.01297685],[ 1. -0.],[ 0.99996212 -0.00870394],[ 0.99463615 -0.10343563],[ 0.99708198 -0.07633825],[0.99993326 0.01155326],[0.99550956 0.09466103],[0.99997657 0.00684497],[ 0.99999856 -0.00169876],[0.99999066 0.00432317],[ 0.99999594 -0.0028512 ],[0.99951297 0.03120599],[0.99897898 0.04517731],[0.99980704 0.01964381],[0.99987682 0.01569532],[0.99956799 0.02939097],[0.9970578  0.07665341],[0.99991493 0.01304375],[0.99645355 0.08414461],[ 1. -0.],[0.99853097 0.05418395],[1. 0.],[0.99820048 0.05996492],[0.99485429 0.101316  ],[ 0.99828728 -0.05850211],[0.999877   0.01568413],[0.99982638 0.01863365],[ 0.9999536  -0.00963338],[0.99567847 0.09286755],[0.99775482 0.06697257],[0.99369045 0.11215745],[0.99859282 0.0530318 ],[0.99539702 0.09583726],[ 0.99981031 -0.01947686],[ 0.99998993 -0.00448702],[0.99999541 0.00302923],[ 0.99970213 -0.02440605],[ 0.99998857 -0.00478136],[0.99999823 0.00188029]
[0.99984809 0.01743003],[0.99994241 0.01073167],[ 0.99833273 -0.05772143],[0.99315133 0.1168351 ],[0.99808201 0.06190554],[0.99998866 0.00476225],[ 0.99781544 -0.06606322],[ 0.99935163 -0.03600457],[ 0.99942758 -0.03383051],[0.99242931 0.12281718],[ 0.99986058 -0.01669801],[0.99800289 0.06316832],[ 0.99904216 -0.04375789],[ 0.99826996 -0.05879703],[ 0.99834649 -0.05748289],[0.99842332 0.05613263],[ 0.99977374 -0.0212712 ],[ 0.99932705 -0.03668031],[0.99854671 0.05389305],[ 0.9999885  -0.00479539],[0.99422445 0.10732073],[0.99890659 0.04675069],[0.99435809 0.10607536],[0.99963106 0.02716141],[0.99487255 0.10113663],[ 0.99816402 -0.06056885],[0.99927704 0.03801827],[ 0.99934021 -0.03631997],[ 0.99762856 -0.06882775],[0.99985116 0.01725261],[0.99582934 0.09123551],[0.99403872 0.10902763],[ 0.99989351 -0.01459335],[0.99401141 0.10927632],[ 0.99669297 -0.08125966],[0.99422049 0.10735739],[0.997693   0.06788729],[ 0.99931422 -0.03702812],[0.99400948 0.10929389],[ 0.99959645 -0.0284068 ],[ 0.99922766 -0.0392947 ],[ 0.99947211 -0.0324886 ],[0.99812401 0.06122473],[0.99975514 0.02212849],[ 0.99890792 -0.0467223 ],[0.99996798 0.00800232],[0.99962692 0.0273134 ],[ 0.99900153 -0.04467588],[0.99894583 0.04590466],[0.99400964 0.10929244],[ 0.9968117  -0.07978996],[0.99401221 0.10926904],[0.99998938 0.00460765],[ 0.99909556 -0.04252119],[ 0.99998448 -0.00557177],[ 0.99880256 -0.04892284],[ 0.99766172 -0.06834544],[0.99028458 0.13905555],[0.99956111 0.02962417],[0.99952284 0.03088841],[0.99956175 0.02960243],[ 0.99923976 -0.03898585],[ 0.9994778  -0.03231303],[0.99970163 0.02442645],[ 0.99531146 -0.0967217 ],[0.98881684 0.14913505],[ 0.99969539 -0.02468069],[ 0.99916141 -0.04094487],[ 0.9995437  -0.03020585],[ 0.99989059 -0.01479225],[ 0.99898949 -0.0449443 ],[ 0.9988562  -0.04781525],[0.98883543 0.14901172],[ 0.99895278 -0.04575315],[ 0.99934029 -0.03631782],[ 0.99501332 -0.09974218],[ 0.99903279 -0.04397144],[ 0.99648246 -0.0838016 ],[ 0.99919196 -0.04019239],[ 0.99705274 -0.07671918],[ 0.99997442 -0.00715223],[ 0.99985203 -0.01720247],[ 0.99957051 -0.02930535],[0.99998621 0.00525166],[ 0.99919496 -0.04011783],[ 0.99931402 -0.0370336 ],[ 0.99996659 -0.00817483],[ 0.99989102 -0.01476307],[0.99954981 0.03000291],[ 0.99982959 -0.01846063],[ 1. -0.],[0.99992003 0.01264641],[ 0.99870442 -0.05088694],[ 0.9999007  -0.01409211],[0.99090505 0.13456291],[0.99886106 0.04771363],[0.99978696 0.02064066],[ 0.99477597 -0.10208217],[ 0.99941096 -0.03431817],[0.99793486 0.064234  ],[0.99999541 0.00303037],[ 0.99990187 -0.01400922],[ 0.99994496 -0.01049203],[0.99999638 0.00269029],[0.99999467 0.00326422],[0.99311113 0.11717632],[ 0.99999416 -0.00341903],[ 0.99995318 -0.00967678],[ 0.99998612 -0.00526904],[ 0.99890533 -0.04677749],[0.99984632 0.0175312 ],[ 1. -0.],[ 1. -0.],[ 0.99459343 -0.10384558],[ 0.99991081 -0.01335529],[ 1. -0.],[ 0.99998253 -0.00591171],[0.99999505 0.00314719],[0.99997204 0.00747821],[ 0.99973428 -0.02305141],[ 0.99987087 -0.01606987],[ 1. -0.],[ 0.99995825 -0.00913826],[ 0.99530957 -0.09674119],[ 0.99647753 -0.08386017],[ 0.99998514 -0.00545161],[0.99510081 0.09886549],[0.99997592 0.00693933],[ 9.99999968e-01 -2.54390995e-04],[0.9999755  0.00700059],[ 0.99998894 -0.00470374],[0.99927688 0.03802264],[0.99903336 0.04395842],[ 9.99999689e-01 -7.88558123e-04],[0.99962633 0.02733496],[0.99905182 0.04353683],[0.99645854 0.08408554],[0.99993237 0.01163017],[0.99574141 0.09219027],[ 1. -0.],[0.99768163 0.06805407],[1. 0.],[0.99732927 0.07303647],[0.99461602 0.103629  ],[ 0.99781947 -0.06600229],[0.99977569 0.02117943],[0.99969864 0.02454858],[ 0.99994902 -0.01009709],[0.99538112 0.09600217],[0.99801376 0.06299638],[0.99358421 0.11309475],[0.99880135 0.04894756],[0.99504064 0.09946918],[ 0.99973937 -0.02282958],[ 0.99997361 -0.00726529],[0.99997668 0.00682947],[ 0.99943081 -0.03373499],[ 0.99999662 -0.00260054],[0.99999454 0.0033048 ]
[0.99954849 0.03004687],[0.99997265 0.00739652],[ 0.99835944 -0.0572576 ],[0.99307351 0.11749468],[0.99728792 0.07359898],[ 0.99999876 -0.00157647],[ 0.99784004 -0.06569055],[ 0.99929303 -0.03759567],[ 0.99990722 -0.01362177],[0.99245558 0.12260477],[ 0.9996963  -0.02464342],[0.99826934 0.05880759],[ 0.99900042 -0.04470085],[ 0.99829811 -0.05831715],[ 0.99913412 -0.04160529],[0.99865898 0.05177103],[ 0.99989003 -0.01482976],[ 0.99926488 -0.03833679],[0.99848787 0.05497251],[ 0.9999536  -0.00963341],[0.99442109 0.10548317],[0.99903032 0.04402746],[0.99468915 0.10292468],[0.99975701 0.02204366],[0.99517077 0.09815878],[ 0.9981957  -0.06004456],[0.99949168 0.03188089],[ 0.99987576 -0.01576264],[ 0.99772896 -0.06735665],[0.99988125 0.01541056],[0.99608232 0.08843078],[0.99403941 0.10902129],[ 0.99992926 -0.0118947 ],[0.99398519 0.10951459],[ 0.99761087 -0.06908366],[0.99441335 0.10555608],[0.99781132 0.06612537],[ 0.99987119 -0.01604999],[0.99398325 0.10953215],[ 0.99990059 -0.01410035],[ 0.99877018 -0.04957944],[ 0.99984805 -0.01743187],[0.99776819 0.06677299],[0.99998138 0.00610293],[ 0.99951971 -0.03098935],[9.99999977e-01 2.15477746e-04],[0.99995636 0.00934211],[ 0.99832269 -0.05789471],[0.99905301 0.04350964],[0.99398217 0.10954199],[ 0.99692683 -0.07833837],[0.99398599 0.10950731],[ 0.99999895 -0.00144919],[ 0.99949371 -0.03181712],[ 0.99998297 -0.00583625],[ 0.99855709 -0.05370041],[ 0.99566633 -0.09299763],[0.9895068  0.14448632],[0.99994007 0.01094788],[0.99993217 0.01164708],[0.99994028 0.01092888],[ 0.9984485  -0.05568293],[ 0.99866055 -0.05174081],[0.99995795 0.00917098],[ 0.99692281 -0.07838953],[0.98817869 0.1533065 ],[ 0.99985488 -0.01703602],[ 0.99831887 -0.05796067],[ 0.99975664 -0.02206019],[ 0.99992693 -0.01208884],[ 0.99830575 -0.0581862 ],[ 0.99940639 -0.03445103],[0.98889199 0.14863589],[ 0.99945752 -0.03293425],[ 0.99987347 -0.01590759],[ 0.99594698 -0.08994223],[ 0.99899114 -0.04490782],[ 0.99747667 -0.070995  ],[ 0.99869708 -0.05103088],[ 0.99772841 -0.06736482],[0.99996055 0.00888245],[ 0.99995862 -0.00909695],[ 0.9996135 -0.0278003],[ 0.99999913 -0.00131785],[ 0.99870245 -0.05092563],[ 0.99987111 -0.01605494],[ 0.99996478 -0.00839259],[ 0.99992728 -0.01205947],[0.99926131 0.03842971],[ 0.99994851 -0.01014765],[ 1. -0.],[0.99997614 0.00690812],[ 0.99787909 -0.06509473],[ 0.99956366 -0.02953787],[0.99071471 0.13595722],[0.99900086 0.04469105],[0.99944276 0.03337908],[ 0.99610615 -0.08816199],[ 0.99949015 -0.03192857],[0.99775227 0.06701054],[0.99998832 0.00483372],[ 0.99997523 -0.00703891],[ 0.99998577 -0.00533437],[0.99999909 0.00135223],[0.99999832 0.00183469],[0.99446599 0.105059  ],[ 0.99998622 -0.00525052],[ 0.99991736 -0.01285551],[0.99999773 0.00213049],[ 0.99844098 -0.05581766],[0.99993033 0.01180422],[ 1. -0.],[ 1. -0.],[ 0.99504286 -0.09944702],[ 0.99986697 -0.01631073],[ 1. -0.],[ 0.99996227 -0.00868678],[0.9999803  0.00627664],[0.99988133 0.01540529],[ 0.99978877 -0.02055298],[ 0.9997861  -0.02068242],[ 1. -0.],[ 0.99994777 -0.01022052],[ 0.99619719 -0.08712728],[ 0.9965483  -0.08301492],[ 0.99974451 -0.02260337],[0.99577663 0.09180902],[0.9999717  0.00752301],[0.99999929 0.00118831],[0.99994546 0.01044374],[ 0.99998677 -0.00514331],[0.99904618 0.0436661 ],[0.99918917 0.04026167],[ 0.9997887  -0.02055623],[0.99915472 0.04110766],[0.99825303 0.0590837 ],[0.99636369 0.08520204],[0.99995456 0.00953247],[0.99528013 0.09704365],[ 1. -0.],[0.99660477 0.08233422],[1. 0.],[0.99628124 0.08616081],[0.99546649 0.09511295],[ 0.99784226 -0.06565691],[0.99960283 0.02818127],[0.99949379 0.03181447],[ 0.99989395 -0.01456297],[0.99614344 0.08773969],[0.99815544 0.06071005],[0.99356539 0.11325992],[0.99890697 0.04674251],[0.9957999  0.09155636],[ 0.99963649 -0.02696099],[ 0.99993932 -0.01101624],[0.99992262 0.01244019],[ 0.99896129 -0.04556695],[9.99999612e-01 8.80596778e-04],[0.99998787 0.00492553]
[0.99917272 0.04066785],[0.99998769 0.00496271],[ 0.9986559  -0.05183036],[0.99317104 0.11666738],[0.99641163 0.08463955],[ 0.99996693 -0.00813265],[ 0.99823983 -0.05930626],[ 0.99932088 -0.03684794],[0.99999942 0.00107388],[0.99263756 0.12112258],[ 0.99960408 -0.02813678],[0.99855579 0.05372456],[ 0.99910552 -0.0422866 ],[ 0.99861085 -0.05269131],[ 0.99954414 -0.0301912 ],[0.99891287 0.04661631],[ 0.99994414 -0.01056926],[ 0.99929445 -0.03755794],[0.99849045 0.05492552],[ 0.99987269 -0.0159562 ],[0.99466344 0.10317288],[0.99913945 0.04147715],[0.99501194 0.09975586],[0.99987307 0.01593279],[0.99546342 0.09514509],[ 0.99852763 -0.05424547],[0.99971375 0.02392515],[ 9.99999869e-01 -5.12016086e-04],[ 0.99817951 -0.06031303],[0.99990651 0.0136741 ],[0.99638136 0.08499523],[0.99415745 0.10793963],[ 0.99990188 -0.01400806],[0.99408507 0.10860421],[ 0.99819998 -0.05997337],[0.99465374 0.10326632],[0.99794883 0.06401671],[ 9.99999758e-01 -6.96311879e-04],[0.99408315 0.10862181],[9.99999937e-01 3.54009433e-04],[ 0.99844872 -0.05567898],[ 0.99999728 -0.00233118],[0.99740252 0.07202921],[ 0.99991424 -0.0130966 ],[ 0.99976673 -0.0215983 ],[ 0.99997508 -0.00706015],[ 0.99993168 -0.011689  ],[ 0.99786889 -0.06525095],[0.99915229 0.04116679],[0.99408175 0.10863456],[ 0.99755779 -0.0698459 ],[0.99408586 0.10859695],[ 0.99997804 -0.00662658],[ 0.9996662  -0.02583578],[ 0.99997896 -0.00648645],[ 0.99859513 -0.05298837],[ 0.99367323 -0.11230988],[0.98919312 0.14661844],[ 0.99994938 -0.010062  ],[ 0.99994769 -0.0102278 ],[ 0.99994923 -0.01007692],[ 0.99787998 -0.06508102],[ 0.99802256 -0.06285677],[ 0.99995486 -0.00950197],[ 0.99837486 -0.05698812],[0.9880733  0.15398425],[ 0.99988849 -0.01493348],[ 0.99772916 -0.06735373],[ 0.99984343 -0.01769498],[ 0.99990035 -0.01411714],[ 0.99785173 -0.06551277],[ 0.99965483 -0.02627211],[0.9892053  0.14653624],[ 0.99968188 -0.02522188],[ 9.99999761e-01 -6.91842519e-04],[ 0.99681899 -0.07969877],[ 0.99914057 -0.04145023],[ 0.99811814 -0.0613203 ],[ 0.9983441  -0.05752446],[ 0.99823378 -0.05940807],[0.99978642 0.02066677],[ 0.99999435 -0.00336099],[ 0.99960903 -0.02796048],[ 0.99996812 -0.00798522],[ 0.99835115 -0.05740185],[ 9.99999754e-01 -7.00869644e-04],[ 0.99992723 -0.01206405],[ 0.99990076 -0.01408791],[0.99905873 0.04337805],[ 0.99999795 -0.00202605],[ 1. -0.],[ 0.99998861 -0.00477213],[ 0.99738199 -0.07231297],[ 0.99926898 -0.03822969],[0.99080321 0.13531075],[0.99912059 0.0419291 ],[0.99900605 0.04457482],[ 0.99712818 -0.07573231],[ 0.99964478 -0.02665177],[0.99782948 0.06585075],[0.99997269 0.00738985],[ 9.99999915e-01 -4.13126894e-04],[9.99999980e-01 2.00763452e-04],[ 0.99997903 -0.00647594],[ 0.99999812 -0.00193761],[0.9961262  0.08793512],[ 0.99996915 -0.00785479],[ 0.99987819 -0.01560767],[0.99998299 0.00583264],[ 0.99829657 -0.05834349],[9.99999983e-01 1.86928204e-04],[ 1. -0.],[ 1. -0.],[ 0.9961441  -0.08773213],[ 0.99971884 -0.02371175],[ 1. -0.],[ 0.99992318 -0.01239483],[0.99995319 0.00967549],[0.99963156 0.02714317],[ 0.99985669 -0.01692941],[ 0.99963731 -0.02693027],[ 1. -0.],[ 0.99992776 -0.01201988],[ 0.99701098 -0.07725999],[ 0.99711496 -0.07590623],[ 0.99940053 -0.03462063],[0.99690204 0.07865317],[0.99996323 0.00857571],[0.9999964  0.00268484],[0.9998793  0.01553658],[ 0.99998219 -0.00596879],[0.99895483 0.04570819],[0.999447   0.03325184],[ 0.99942556 -0.0338903 ],[0.9985681 0.0534953],[0.99740127 0.07204653],[0.9967293  0.08081273],[0.99998386 0.00568082],[0.99524798 0.09737278],[ 1. -0.],[0.99543623 0.09542905],[1. 0.],[0.9951821  0.09804381],[0.99672351 0.0808842 ],[ 0.99824086 -0.05928902],[0.9993253  0.03672785],[0.99918544 0.04035422],[ 0.99979145 -0.02042194],[0.99727567 0.07376474],[0.99830095 0.05826851],[0.99368161 0.11223577],[0.99900673 0.04455953],[0.99697547 0.07771687],[ 0.99948103 -0.03221287],[ 0.99987596 -0.01575023],[0.99979151 0.0204188 ],[ 0.99838813 -0.05675516],[0.99998741 0.00501817],[0.99997573 0.00696646]
[0.9987605  0.04977412],[0.99999432 0.00337095],[ 0.99901919 -0.04427923],[0.9934734  0.11406402],[0.995421   0.09558784],[ 0.99992482 -0.01226169],[ 0.99875788 -0.04982675],[ 0.99942941 -0.03377657],[0.99993936 0.0110122 ],[0.99301561 0.117983  ],[ 0.9993981  -0.03469065],[0.99888672 0.04717327],[ 0.99928753 -0.0377416 ],[ 0.99901837 -0.04429789],[ 0.99974626 -0.02252598],[0.9991768  0.04056739],[ 0.99997487 -0.00708961],[ 0.99940931 -0.03436601],[0.99861482 0.05261595],[ 0.99982535 -0.01868884],[0.99524739 0.09737886],[0.99929023 0.03767013],[0.99576513 0.09193365],[0.99990125 0.01405288],[0.99613154 0.08787465],[ 0.99895871 -0.04562333],[0.99978585 0.02069413],[0.99994352 0.01062842],[ 0.9987273  -0.05043589],[0.99997036 0.00769954],[0.99689447 0.07874906],[0.99445799 0.10513469],[ 0.999914   -0.01311447],[0.99434107 0.10623484],[ 0.9985557  -0.05372637],[0.99523437 0.09751175],[0.99817319 0.06041755],[0.99993207 0.01165539],[0.99433918 0.10625254],[0.99991008 0.01341028],[ 0.99798035 -0.06352337],[0.99993494 0.01140653],[0.99694021 0.07816794],[ 0.9995844  -0.02882766],[ 0.99994176 -0.01079223],[ 0.99992703 -0.01208026],[ 0.99958059 -0.02895925],[ 0.99715327 -0.07540128],[0.99929708 0.03748796],[0.99433782 0.10626521],[ 0.99831046 -0.05810537],[0.99434184 0.10622762],[ 0.9999514  -0.00985859],[ 0.99983115 -0.01837594],[ 0.99996178 -0.00874241],[ 0.99848396 -0.05504352],[ 0.99339769 -0.11472155],[0.98934465 0.14559245],[ 0.99963708 -0.02693909],[ 0.9996063  -0.02805803],[ 0.99963681 -0.02694896],[ 0.99699738 -0.0774353 ],[ 0.99705257 -0.07672144],[ 0.99968327 -0.02516672],[ 0.99941079 -0.03432305],[0.98845668 0.15150375],[ 0.99994706 -0.01028957],[ 0.99678337 -0.08014302],[ 0.99993312 -0.01156556],[ 0.99991381 -0.0131288 ],[ 0.99713688 -0.07561779],[ 0.99985632 -0.01695097],[0.98976761 0.14268873],[ 0.99986832 -0.0162277 ],[0.99994355 0.01062495],[ 0.99746902 -0.07110247],[ 0.99942566 -0.03388731],[ 0.9985068 -0.0546275],[ 0.99782297 -0.06594936],[ 0.99856582 -0.05353787],[0.99954071 0.0303045 ],[0.99999924 0.00123415],[ 0.99962105 -0.02752731],[ 0.99992511 -0.01223858],[ 0.99783237 -0.06580698],[0.99993022 0.01181295],[ 0.99991705 -0.0128803 ],[ 0.9999142  -0.01309951],[0.99896892 0.0453994 ],[0.99998962 0.0045566 ],[ 1. -0.],[ 0.99992151 -0.01252931],[ 0.99653835 -0.08313433],[ 0.99879707 -0.04903474],[0.9911748  0.13256138],[0.99927865 0.03797611],[0.99849753 0.05479676],[ 0.99781473 -0.06607399],[ 0.99982575 -0.01866711],[0.99805793 0.06229256],[0.99996917 0.00785189],[0.99998748 0.00500496],[0.999989   0.00468955],[ 0.99992022 -0.01263152],[ 0.99996508 -0.00835665],[0.99747508 0.07101741],[ 0.99993625 -0.01129125],[ 0.99985492 -0.01703373],[0.99998584 0.00532153],[ 0.99808421 -0.06187014],[ 0.99996794 -0.00800712],[ 1. -0.],[ 1. -0.],[ 0.99734023 -0.07288666],[ 0.99958577 -0.02878004],[ 1. -0.],[ 0.99985736 -0.01688956],[0.99991107 0.01333622],[0.99910559 0.04228494],[ 0.99991334 -0.01316455],[ 0.99940337 -0.03453832],[ 1. -0.],[ 0.9998949  -0.01449758],[ 0.99760591 -0.06915526],[ 0.9978301  -0.06584139],[ 0.99942905 -0.03378734],[0.9979046 0.0647024],[0.99994782 0.01021585],[0.99999016 0.00443578],[0.99972439 0.02347656],[ 0.99996445 -0.00843245],[0.99908981 0.04265614],[0.99973647 0.02295647],[ 0.99944387 -0.03334582],[0.99838195 0.05686378],[0.99717716 0.07508467],[0.99752214 0.07035326],[ 9.99999892e-01 -4.63974992e-04],[0.99612661 0.08793049],[ 1. -0.],[0.99438886 0.10578654],[1. 0.],[0.99421453 0.10741261],[0.9978066  0.06619659],[ 0.99875831 -0.04981796],[0.99892179 0.04642482],[0.9987634  0.04971597],[ 0.99973634 -0.02296184],[0.99813122 0.06110704],[0.99852075 0.05437199],[0.99396563 0.10969195],[0.99924302 0.03890239],[0.9979834  0.06347552],[ 0.99924892 -0.03875051],[ 0.99977354 -0.02128049],[0.99951846 0.0310297 ],[ 0.99809637 -0.06167358],[0.99997516 0.00704815],[0.9999538  0.00961273]
[0.99858782 0.05312596],[0.99999234 0.00391316],[ 0.999311   -0.03711499],[0.99443737 0.10532958],[0.99501933 0.09968212],[ 0.99992212 -0.01248017],[ 0.99912752 -0.0417635 ],[ 0.99956111 -0.02962422],[0.99987758 0.01564704],[0.99408869 0.10857106],[ 0.99909934 -0.04243229],[0.99905202 0.04353234],[ 0.99947459 -0.03241207],[ 0.99931032 -0.03713336],[ 0.99982037 -0.01895326],[0.99930299 0.03733013],[ 0.99998682 -0.00513405],[ 0.99954783 -0.03006896],[0.99882174 0.04852976],[ 0.99981953 -0.01899778],[0.99584023 0.09111663],[0.99940581 0.03446768],[0.9962365  0.08667664],[0.99989226 0.01467906],[0.99656537 0.08280983],[ 0.99926745 -0.03826963],[0.99978881 0.02055095],[0.99988177 0.0153765 ],[ 0.99911198 -0.04213363],[0.99998685 0.00512751],[0.99731824 0.07318688],[0.99522667 0.09759033],[ 0.99997091 -0.00762688],[0.99513064 0.09856475],[ 0.99870542 -0.05086723],[0.99583167 0.09121012],[0.99847197 0.05526049],[0.99987184 0.0160096 ],[0.99512885 0.09858279],[0.99984575 0.01756363],[ 0.99749731 -0.07070441],[0.9998749  0.01581712],[0.99674968 0.08056106],[ 0.99947082 -0.032528  ],[ 9.99999970e-01 -2.42933892e-04],[ 0.9999115  -0.01330393],[ 0.99944308 -0.03336951],[ 0.99633057 -0.08558847],[0.99940948 0.03436107],[0.99512762 0.0985952 ],[ 0.99880931 -0.04878489],[0.99513134 0.09855769],[ 0.99994371 -0.01060984],[ 0.99994929 -0.01007033],[ 0.99997615 -0.00690708],[ 0.99829882 -0.05830487],[ 0.99349912 -0.11383982],[0.99088998 0.13467384],[ 0.9995096  -0.03131404],[ 0.99946086 -0.03283274],[ 0.99950955 -0.03131551],[ 0.99597479 -0.08963378],[ 0.99592797 -0.09015257],[ 0.99956205 -0.02959244],[ 0.9998816  -0.01538804],[0.99030899 0.13888161],[ 0.99999609 -0.00279652],[ 0.99567556 -0.09289871],[ 0.99999012 -0.00444436],[ 0.99997117 -0.00759386],[ 0.99631802 -0.08573444],[ 0.99996893 -0.0078827 ],[0.99138734 0.13096239],[ 0.99997269 -0.00739045],[0.99988183 0.01537292],[ 0.99780268 -0.06625572],[ 0.99972738 -0.02334899],[ 0.99867531 -0.0514551 ],[ 0.99727778 -0.07373625],[ 0.99870737 -0.050829  ],[0.99943449 0.03362593],[0.99999358 0.00358404],[ 0.99965502 -0.02626487],[ 0.99992072 -0.01259211],[ 0.99728933 -0.07357981],[0.99987013 0.01611607],[ 0.99995711 -0.0092616 ],[ 0.99997139 -0.00756419],[0.99896042 0.04558605],[0.99996031 0.0089091 ],[ 1. -0.],[ 0.99987073 -0.01607853],[ 0.99554191 -0.0943202 ],[ 0.99822454 -0.05956318],[0.99253266 0.12197916],[0.99939883 0.03466969],[0.99827841 0.05865336],[ 0.99816367 -0.06057461],[ 0.99996338 -0.00855835],[0.99832131 0.05791858],[0.99998292 0.00584446],[0.99996202 0.00871501],[0.99997907 0.00646934],[ 0.99987384 -0.01588434],[ 0.99983682 -0.01806497],[0.99799153 0.06334746],[ 0.99988381 -0.01524363],[ 0.99986914 -0.01617728],[9.99999942e-01 3.41576240e-04],[ 0.9978484 -0.0655635],[ 0.99992465 -0.01227558],[ 1. -0.],[ 1. -0.],[ 0.99808857 -0.06179979],[ 0.99952974 -0.03066429],[ 1. -0.],[ 0.9997617  -0.02182969],[0.99985439 0.01706429],[0.9981701  0.06046853],[ 0.99994138 -0.01082731],[ 0.99909274 -0.04258749],[ 1. -0.],[ 0.99984886 -0.01738561],[ 0.99789677 -0.06482317],[ 0.99828799 -0.05849008],[ 0.9995366  -0.03043977],[0.99826117 0.05894606],[0.99992104 0.01256661],[0.99997874 0.00652044],[0.99949246 0.03185642],[ 0.99997826 -0.00659413],[0.99940023 0.03462906],[0.99988807 0.01496155],[ 0.99954202 -0.03026126],[0.99793606 0.06421549],[0.99676834 0.08032982],[0.99771158 0.06761361],[ 0.99998838 -0.00481989],[0.99635438 0.08531095],[ 1. -0.],[0.99426538 0.10694087],[1. 0.],[0.99411427 0.10833657],[0.99819139 0.06011615],[ 0.99912767 -0.04176012],[0.99842271 0.05614346],[0.99825827 0.05899508],[ 0.9997297  -0.02324928],[0.99842691 0.05606882],[0.99877641 0.0494539 ],[0.99482802 0.10157368],[0.9993616  0.03572664],[0.99831191 0.05808041],[ 0.99892731 -0.0463058 ],[ 0.99963561 -0.02699363],[0.99903849 0.04384174],[ 0.99773404 -0.06728134],[0.99989613 0.01441284],[0.99991834 0.01277959]
[0.99846854 0.05532251],[0.99999862 0.00166045],[ 0.99938046 -0.03519509],[0.99508127 0.09906193],[0.9950578  0.09929738],[9.99999993e-01 1.21735853e-04],[ 0.99921594 -0.03959181],[ 0.99959058 -0.02861236],[0.9996506  0.02643252],[0.99505231 0.09935244],[ 0.99873916 -0.05020058],[0.99929081 0.0376546 ],[ 0.99951739 -0.03106429],[ 0.99937982 -0.03521338],[ 0.99994159 -0.01080837],[0.99948447 0.03210604],[ 9.99999999e-01 -3.54266252e-05],[ 0.99957869 -0.02902498],[0.9991737  0.04064385],[ 0.99981287 -0.01934497],[0.9965109  0.08346273],[0.99961027 0.02791596],[0.99695662 0.07795826],[0.99989385 0.01456997],[0.99722679 0.07442266],[ 0.99934106 -0.03629657],[0.99979614 0.02019124],[0.99975408 0.02217629],[ 0.9992073  -0.03980911],[9.99999840e-01 5.66438008e-04],[0.99782165 0.06596942],[0.99578542 0.09171368],[ 0.99997355 -0.00727259],[0.99566503 0.09301157],[ 0.99903301 -0.0439663 ],[0.9965031  0.08355583],[0.99882333 0.04849694],[0.99976594 0.0216348 ],[0.99566332 0.09302985],[0.99988595 0.01510223],[ 0.99707166 -0.07647287],[0.99991262 0.01321935],[0.99671717 0.08096218],[ 0.9996967  -0.02462722],[0.99994918 0.01008147],[ 0.9999525  -0.00974712],[ 0.99967743 -0.02539754],[ 0.99549304 -0.09483465],[0.999612 0.027854],[0.99566218 0.09304208],[ 0.99893421 -0.04615672],[0.99566568 0.09300462],[ 0.99997097 -0.0076201 ],[ 9.99999559e-01 -9.39344526e-04],[ 0.99998162 -0.0060633 ],[ 0.9980774  -0.06197988],[ 0.99202288 -0.12605797],[0.99274266 0.12025806],[ 0.99971542 -0.0238555 ],[ 0.99968539 -0.02508245],[ 0.99971547 -0.02385321],[ 0.9949286  -0.10058366],[ 0.99477758 -0.10206644],[ 0.99973974 -0.02281331],[ 9.99999986e-01 -1.68606704e-04],[0.99240137 0.12304278],[0.99997316 0.00732657],[ 0.99453555 -0.1043985 ],[0.99999354 0.00359455],[0.99999785 0.0020723 ],[ 0.9954889  -0.09487803],[9.99999539e-01 9.59949747e-04],[0.99316684 0.11670313],[0.99999916 0.00129576],[0.99977538 0.02119387],[ 0.99836659 -0.0571328 ],[ 0.99993929 -0.01101864],[ 0.99901557 -0.04436085],[ 0.99679132 -0.08004413],[ 0.99902927 -0.04405122],[0.99927917 0.03796244],[0.99996246 0.00866482],[ 0.99986147 -0.01664437],[ 0.99999915 -0.00130547],[ 0.99680447 -0.07988027],[0.99976395 0.02172674],[ 0.9999867  -0.00515742],[ 0.99999624 -0.00274206],[0.99876921 0.04959912],[0.99984136 0.01781185],[ 1. -0.],[ 0.99988436 -0.01520718],[ 0.99451288 -0.1046142 ],[ 0.99762119 -0.06893448],[0.99408242 0.10862842],[0.9996065  0.02805087],[0.99817365 0.06040994],[ 0.99866609 -0.05163365],[0.99999506 0.00314375],[0.99828712 0.05850486],[0.99999883 0.00153165],[0.99986083 0.01668289],[0.99986202 0.01661151],[ 0.99988247 -0.01533118],[ 0.99955744 -0.02974776],[0.99830927 0.05812574],[ 0.99982004 -0.01897055],[ 0.99992767 -0.01202684],[0.99999897 0.00143423],[ 0.99761134 -0.06907687],[ 0.99992563 -0.01219528],[ 1. -0.],[ 1. -0.],[ 0.99829839 -0.05831237],[ 0.99958758 -0.02871718],[ 1. -0.],[ 0.99964614 -0.02660068],[0.99978908 0.02053774],[0.99691827 0.07844722],[0.99999873 0.0015946 ],[ 0.99808082 -0.06192474],[ 1. -0.],[ 0.99952834 -0.03070984],[ 0.99842784 -0.05605219],[ 0.99847778 -0.05515542],[ 0.99911865 -0.04197525],[0.99841322 0.05631208],[0.99987234 0.01597793],[0.99996071 0.00886501],[0.99924025 0.03897349],[ 0.99998342 -0.00575875],[0.99977805 0.02106758],[0.9999812  0.00613229],[ 0.99911533 -0.04205414],[0.9972881  0.07359655],[0.99622189 0.08684433],[0.99774637 0.06709827],[ 0.99994483 -0.01050453],[0.99617647 0.08736379],[ 1. -0.],[0.99468613 0.10295384],[1. 0.],[0.99453221 0.10443025],[0.99834591 0.05749302],[ 0.99921596 -0.03959132],[0.99791095 0.06460442],[0.99776115 0.06687821],[ 0.99972213 -0.02357238],[0.99852913 0.05421779],[0.99910018 0.0424127 ],[0.99540874 0.09571542],[0.99956157 0.02960866],[0.99842307 0.05613705],[ 0.9990737  -0.04303183],[ 0.99949044 -0.03191949],[0.99831531 0.0580219 ],[ 0.99621711 -0.08689923],[0.99966333 0.02594644],[0.99987422 0.01585988]
[0.99838761 0.05676422],[ 0.99999883 -0.00153232],[ 0.99947973 -0.03225323],[0.99625715 0.0864389 ],[0.99500997 0.09977558],[0.99998656 0.00518482],[ 0.99934072 -0.03630613],[ 0.99961288 -0.02782241],[0.999511   0.03126922],[0.99624102 0.08662461],[ 0.9984202  -0.05618808],[0.99954278 0.03023609],[ 0.99956368 -0.02953714],[ 0.99947914 -0.03227141],[ 0.99997435 -0.00716278],[0.99968049 0.02527672],[0.9999917 0.0040739],[ 0.999602   -0.02821078],[0.99946834 0.0326043 ],[ 0.99976075 -0.02187349],[0.99732782 0.07305631],[0.99977449 0.02123616],[0.99766567 0.06828767],[0.99992493 0.01225275],[0.99787954 0.06508787],[ 0.99944601 -0.03328183],[0.99985244 0.01717823],[0.9996969  0.02461934],[ 0.99933626 -0.03642846],[ 0.9999901  -0.00444883],[0.99841308 0.05631452],[0.99675553 0.08048855],[0.99998428 0.0056074 ],[0.99665222 0.08175785],[ 0.99916374 -0.04088786],[0.99732396 0.07310895],[0.99921311 0.03966317],[0.99972819 0.02331419],[0.99665068 0.08177665],[0.9999239  0.01233653],[ 0.99679662 -0.07997807],[0.99994699 0.01029684],[0.99657617 0.08267972],[ 0.9999135 -0.0131526],[0.99979311 0.02034061],[ 0.99999263 -0.00383894],[ 0.99990696 -0.01364086],[ 0.99482819 -0.10157197],[0.99977532 0.02119678],[0.99664971 0.08178849],[ 0.99911709 -0.04201234],[0.99665277 0.08175114],[ 0.9999969  -0.00248815],[0.99996517 0.00834586],[ 0.99995969 -0.00897863],[ 0.99791737 -0.06450517],[ 0.99223739 -0.12435822],[0.99438209 0.10585013],[ 0.99991965 -0.01267637],[ 0.99990945 -0.01345699],[ 0.99991969 -0.01267355],[ 0.99409496 -0.10851364],[ 0.99385909 -0.11065314],[ 0.99992559 -0.01219924],[0.99990083 0.01408324],[0.9941915  0.10762557],[0.99983072 0.01839939],[ 0.99362669 -0.11272088],[0.99992831 0.01197358],[0.99991368 0.01313882],[ 0.99483503 -0.10150495],[0.99995264 0.00973249],[0.99470838 0.1027387 ],[0.99995032 0.00996759],[0.99973475 0.02303098],[ 0.99861915 -0.05253368],[0.99999826 0.001864  ],[ 0.99915319 -0.04114489],[ 0.99647414 -0.08390048],[ 0.99916027 -0.04097259],[0.99922945 0.0392492 ],[0.99992458 0.01228127],[ 0.99993524 -0.01138028],[0.99999265 0.00383483],[ 0.99648813 -0.0837342 ],[0.99972642 0.0233899 ],[0.99998524 0.00543326],[0.99995872 0.00908584],[0.99861902 0.05253617],[0.99971027 0.02407011],[ 1. -0.],[ 0.9999392  -0.01102663],[ 0.99370112 -0.11206289],[ 0.99713299 -0.07566903],[0.99543545 0.09543725],[0.99977261 0.02132456],[0.99809902 0.06163081],[ 0.99889066 -0.04708973],[0.99987802 0.01561886],[0.9982652  0.05887778],[ 0.99999214 -0.00396578],[0.99974397 0.0226271 ],[0.99973952 0.02282294],[ 0.99993392 -0.0114958 ],[ 0.99914522 -0.04133806],[0.99872095 0.05056144],[ 0.99977188 -0.0213584 ],[ 0.99999015 -0.00443826],[ 9.99999869e-01 -5.11284446e-04],[ 0.99746437 -0.07116767],[ 0.99996204 -0.00871349],[ 1. -0.],[ 1. -0.],[ 0.99860646 -0.05277449],[ 0.99972528 -0.02343855],[ 1. -0.],[ 0.99953929 -0.03035135],[0.99972638 0.02339141],[0.99575956 0.09199406],[0.99994529 0.01046052],[ 0.99765702 -0.06841402],[ 1. -0.],[ 0.99935303 -0.03596554],[ 0.99865872 -0.051776  ],[ 0.99870585 -0.0508589 ],[ 0.99912465 -0.04183211],[0.99877786 0.04942464],[0.9997898  0.02050258],[0.99993613 0.01130161],[0.99943627 0.03357301],[ 0.99996129 -0.00879862],[0.99999185 0.00403756],[ 0.99998716 -0.00506707],[ 0.99911822 -0.04198559],[0.99726251 0.07394241],[0.99641322 0.08462094],[0.9980996  0.06162136],[ 0.99982537 -0.01868773],[0.99664029 0.08190314],[ 1. -0.],[0.9953593 0.0962282],[1. 0.],[0.99520248 0.09783667],[0.99872149 0.05055076],[ 0.9993407  -0.03630666],[0.99752729 0.07028017],[0.99740166 0.07204116],[ 0.99966382 -0.02592763],[0.99885215 0.04789966],[0.99942873 0.03379679],[0.99647424 0.08389932],[0.9997321  0.02314565],[0.99876618 0.04966001],[ 0.99927675 -0.03802613],[ 0.99939394 -0.03481029],[0.99743964 0.07151338],[ 0.99550689 -0.09468911],[0.99941459 0.03421223],[0.99994574 0.0104175 ]
[0.99841526 0.05627589],[ 0.99999283 -0.00378568],[ 0.99956722 -0.02941712],[0.99728296 0.0736661 ],[0.99509094 0.09896473],[0.99996577 0.00827355],[ 0.9994502  -0.03315579],[ 0.99965845 -0.02613388],[0.99949801 0.03168178],[0.9972746  0.07377917],[ 0.99865219 -0.05190183],[0.99972561 0.02342458],[ 0.99962374 -0.02742942],[ 0.99956669 -0.02943518],[ 0.99997657 -0.00684581],[0.99981533 0.01921755],[0.99998548 0.00538891],[ 0.99964953 -0.02647291],[0.99972912 0.02327402],[ 0.99976074 -0.02187359],[0.99808736 0.06181928],[0.99991422 0.01309755],[0.99834758 0.0574639 ],[0.99991988 0.01265869],[0.99850779 0.05460942],[ 0.99953849 -0.0303779 ],[0.99985012 0.01731269],[0.99971385 0.02392126],[ 0.99944819 -0.03321606],[ 0.99994942 -0.01005789],[0.99891968 0.04647014],[0.99762348 0.06890134],[0.99991942 0.01269489],[0.99753197 0.07021375],[ 0.99917225 -0.04067944],[0.99808615 0.06183873],[0.99955482 0.02983551],[0.99975168 0.02228397],[0.99753061 0.07023307],[0.99995532 0.00945331],[ 0.99713362 -0.07566071],[0.99997368 0.00725529],[0.99655189 0.08297188],[ 0.99998594 -0.00530319],[0.99968847 0.02495903],[ 9.99999967e-01 -2.55573812e-04],[ 0.99998401 -0.00565544],[ 0.99527507 -0.09709552],[0.99991436 0.01308706],[0.9975298  0.07024452],[ 0.99926387 -0.03836286],[0.99753243 0.07020726],[9.99999887e-01 4.75765357e-04],[0.99991924 0.01270888],[ 0.99990345 -0.01389601],[ 0.99832973 -0.05777335],[ 0.99288173 -0.11910447],[0.99580238 0.09152939],[ 0.9999874  -0.00502001],[ 0.9999846  -0.00554941],[ 0.99998741 -0.00501747],[ 0.99463491 -0.10344754],[ 0.99442764 -0.10542138],[ 0.99998803 -0.00489281],[0.9996902  0.02489003],[0.99570198 0.09261515],[0.99971016 0.02407467],[ 0.99423997 -0.10717689],[0.99987426 0.01585772],[0.99981703 0.01912855],[ 0.9952739  -0.09710747],[0.99990566 0.01373581],[0.99603196 0.08899631],[0.99990352 0.01389057],[0.99975631 0.02207556],[ 0.99867106 -0.05153744],[0.99992241 0.01245724],[ 0.9991653  -0.04084965],[ 0.99686247 -0.07915314],[ 0.99916917 -0.04075495],[0.99926083 0.03844201],[0.9999132  0.01317534],[ 0.99995932 -0.00901938],[0.9999757  0.00697145],[ 0.9968754  -0.07899008],[0.99975028 0.02234668],[0.99993303 0.01157322],[0.99988037 0.01546781],[0.99858313 0.05321395],[0.99964104 0.0267918 ],[ 1. -0.],[ 0.99993731 -0.01119708],[ 0.99435164 -0.10613582],[ 0.99745711 -0.07126928],[0.99661176 0.08224965],[0.99991325 0.01317196],[0.99813963 0.06096956],[ 0.9989424  -0.04597918],[0.99966949 0.02570804],[0.99833335 0.05771067],[ 0.99997338 -0.00729617],[0.99967582 0.02546094],[0.99970456 0.02430634],[ 0.99994011 -0.01094398],[ 0.99873197 -0.05034342],[0.99888285 0.04725526],[ 0.99976574 -0.02164398],[0.99999231 0.00392229],[ 0.999988   -0.00489875],[ 0.99797208 -0.06365318],[ 0.99995625 -0.00935353],[ 1. -0.],[ 1. -0.],[ 0.99882962 -0.04836718],[ 0.9997868  -0.02064836],[ 1. -0.],[ 0.99948052 -0.03222875],[0.99968073 0.02526717],[0.99526017 0.09724812],[0.99989295 0.01463145],[ 0.99760554 -0.06916052],[ 1. -0.],[ 0.99925688 -0.03854465],[ 0.99869698 -0.05103277],[ 0.99885223 -0.04789797],[ 0.99928042 -0.03792951],[0.99891582 0.046553  ],[0.99970591 0.02425067],[0.99990814 0.01355377],[0.99966228 0.02598712],[ 0.99990399 -0.01385651],[ 0.99992463 -0.01227728],[ 0.99985802 -0.01685046],[ 0.99926932 -0.03822076],[0.99721514 0.07457857],[0.9966138 0.0822249],[0.99824994 0.05913591],[ 0.99962081 -0.02753616],[0.99689899 0.07869182],[ 1. -0.],[0.99617482 0.08738265],[1. 0.],[0.99602301 0.08909641],[0.99885373 0.04786673],[ 0.99945018 -0.03315639],[0.99740319 0.07201998],[0.99729253 0.07353641],[ 0.99966382 -0.02592772],[0.99893057 0.04623548],[0.99970987 0.02408684],[0.99741646 0.07183595],[0.99987815 0.01561024],[0.99885377 0.04786584],[ 0.99946978 -0.03256021],[ 0.99939237 -0.03485527],[0.99679028 0.08005706],[ 0.99521048 -0.09775532],[0.99916581 0.04083726],[0.99998622 0.00525035]
[0.99856607 0.05353314],[ 0.99992294 -0.01241435],[ 0.99968342 -0.02516087],[0.99719734 0.07481627],[0.9953799  0.09601491],[0.99995906 0.00904909],[ 0.99959512 -0.02845349],[ 0.99971093 -0.02404292],[0.99958242 0.02889628],[0.99808229 0.06190102],[ 0.99895636 -0.04567488],[0.99999748 0.00224367],[ 0.99969756 -0.02459252],[ 0.99968296 -0.02517875],[ 0.99996026 -0.00891517],[9.99999997e-01 8.32750248e-05],[0.99999172 0.00406865],[ 0.99970409 -0.02432545],[0.99987046 0.01609521],[ 0.99973463 -0.02303605],[0.99900906 0.04450718],[0.99997386 0.00723033],[0.99973411 0.02305868],[0.9999277 0.0120251],[0.99979349 0.02032195],[ 0.99966134 -0.0260231 ],[0.99987039 0.01610008],[0.99978445 0.02076195],[ 0.99959435 -0.02848048],[ 0.99989585 -0.01443214],[0.99961916 0.02759585],[0.99671653 0.08097009],[0.9997998  0.02000893],[0.99616358 0.08751065],[ 0.99909529 -0.0425277 ],[0.99901507 0.04437227],[ 9.99999953e-01 -3.04973528e-04],[0.99981887 0.01903203],[0.99616196 0.08752919],[0.99998223 0.00596115],[ 0.99756344 -0.06976527],[0.99999359 0.00358005],[0.99671177 0.08102864],[ 0.99999899 -0.0014243 ],[0.99948878 0.03197152],[9.99999794e-01 6.41692268e-04],[ 0.99999847 -0.00175191],[ 0.99588039 -0.09067663],[0.99997385 0.0072313 ],[0.9961609  0.08754123],[ 0.99945906 -0.03288753],[0.99616418 0.08750382],[9.99999567e-01 9.30502100e-04],[0.99982384 0.01876925],[ 0.99986314 -0.01654381],[ 0.9987578  -0.04982831],[ 0.99464129 -0.10338617],[0.99696965 0.07779148],[ 0.99999921 -0.00126083],[ 0.99999857 -0.00169168],[ 0.99999921 -0.00125844],[ 0.9953713  -0.09610396],[ 0.99521509 -0.09770833],[ 0.99999928 -0.00120193],[0.99961316 0.02781247],[0.99691969 0.07842915],[0.99952682 0.03075928],[ 0.99506632 -0.09921196],[0.9997692  0.02148343],[0.99967922 0.02532716],[ 0.99586873 -0.09080456],[0.99980521 0.01973685],[0.99711975 0.07584328],[0.99980294 0.01985127],[0.99982173 0.01888145],[ 0.99858513 -0.05317649],[0.99983901 0.01794289],[ 0.99908998 -0.04265232],[ 0.99735285 -0.07271378],[ 0.99909209 -0.04260286],[0.99935488 0.0359142 ],[0.99993294 0.01158113],[ 0.99995403 -0.00958858],[0.9999699  0.00775909],[ 0.99736413 -0.07255889],[0.999818   0.01907775],[0.99985359 0.01711114],[0.99975673 0.02205647],[0.99868081 0.05134812],[0.99966141 0.02602043],[ 1. -0.],[ 0.99997483 -0.00709537],[ 0.99519172 -0.09794615],[ 0.99789585 -0.0648373 ],[0.99756691 0.06971561],[0.9999735  0.00728022],[0.99831564 0.05801628],[ 0.99887861 -0.04734472],[0.99961449 0.02776463],[0.9985101  0.05456722],[ 0.99995581 -0.00940093],[0.99968748 0.02499901],[0.99976061 0.02187987],[ 0.99996298 -0.00860447],[ 0.998504  -0.0546787],[0.99913312 0.04162947],[ 0.99980256 -0.01987048],[0.99994647 0.01034678],[ 0.99994074 -0.01088679],[ 0.99850583 -0.05464523],[ 0.99998288 -0.00585087],[ 1. -0.],[ 1. -0.],[ 0.99913001 -0.04170402],[ 0.9998681  -0.01624139],[ 1. -0.],[ 0.99949713 -0.03170944],[0.99966583 0.02585019],[0.99567163 0.09294083],[0.99989341 0.01460037],[ 0.99780943 -0.06615388],[ 1. -0.],[ 0.99922574 -0.03934357],[ 0.9986023  -0.05285298],[ 0.99905278 -0.04351475],[ 0.99967842 -0.02535858],[0.99915116 0.04119416],[0.99966892 0.02573018],[0.99988358 0.01525888],[0.99976918 0.02148444],[ 0.99986272 -0.01656925],[ 0.99971022 -0.02407229],[ 0.99970165 -0.02442561],[ 0.99966439 -0.02590578],[0.99773748 0.06723037],[0.99735292 0.07271282],[0.99868115 0.05134167],[ 0.99945891 -0.03289212],[0.99766166 0.06834621],[ 1. -0.],[0.99702144 0.07712491],[1. 0.],[0.99688586 0.07885796],[0.9990953  0.04252746],[ 0.9995951 -0.028454 ],[0.9975811  0.06951222],[0.99747144 0.07106851],[ 0.99963511 -0.02701183],[0.99913108 0.04167847],[ 0.9999924  -0.00389862],[0.99594782 0.08993302],[0.9999502  0.00998031],[0.9990707  0.04310146],[ 0.99962597 -0.02734814],[ 0.99948501 -0.03208923],[0.99672844 0.08082336],[ 0.99574204 -0.09218341],[0.99915856 0.04101437],[0.99999493 0.00318485]
[0.99884678 0.0480115 ],[ 0.99991787 -0.01281591],[ 0.99981539 -0.01921446],[0.99799999 0.06321403],[0.9959695  0.08969257],[0.99997312 0.00733235],[ 0.99975941 -0.02193447],[ 0.99981902 -0.0190246 ],[0.99969888 0.02453885],[0.99868491 0.05126839],[ 0.99927045 -0.03819125],[ 0.99999308 -0.00372077],[ 0.9998157 -0.0191979],[ 0.99981505 -0.01923211],[ 0.99992582 -0.01217976],[ 0.99998121 -0.00613047],[9.99999944e-01 3.34613261e-04],[ 0.99981582 -0.01919199],[0.99993451 0.01144442],[ 0.99969331 -0.02476475],[0.99926748 0.03826888],[0.99999209 0.00397844],[0.99978809 0.02058577],[0.99994323 0.01065508],[0.99983748 0.01802811],[ 0.99980106 -0.01994592],[0.99990368 0.01387922],[0.9998738  0.01588629],[ 0.99975893 -0.02195625],[ 0.99984947 -0.0173507 ],[0.99977833 0.02105461],[0.9976062  0.06915103],[0.99963941 0.02685226],[0.997177   0.07508688],[ 0.99896738 -0.04543319],[0.99927443 0.0380868 ],[ 0.9999941  -0.00343583],[0.99990105 0.01406724],[0.99717556 0.07510597],[9.99999736e-01 7.27140583e-04],[ 0.99802764 -0.06277595],[ 0.99999817 -0.00191307],[0.99712024 0.0758368 ],[ 0.99999931 -0.00117655],[0.99918344 0.04040362],[ 0.99999909 -0.00134583],[ 0.99999882 -0.00153869],[ 0.99656068 -0.08286619],[0.99999208 0.00398085],[0.99717468 0.07511759],[ 0.99967799 -0.02537532],[0.99717749 0.07508029],[ 0.99999903 -0.00139523],[0.99966637 0.02582921],[ 0.99986556 -0.01639676],[ 0.99915381 -0.04112988],[ 0.99682272 -0.07965211],[0.99789022 0.06492391],[ 0.99999944 -0.00105386],[ 0.99999885 -0.00151686],[ 0.99999945 -0.00105147],[ 0.99619546 -0.087147  ],[ 0.99609932 -0.0882391 ],[ 9.99999561e-01 -9.37526687e-04],[0.99971584 0.02383768],[0.99786679 0.065283  ],[0.99928989 0.03767916],[ 0.99598478 -0.08952278],[0.99960347 0.02815868],[0.99951457 0.03115481],[ 0.99653843 -0.08313342],[0.99963663 0.02695557],[0.99798173 0.06350171],[0.99963401 0.02705275],[0.99990235 0.01397496],[ 0.99841315 -0.05631321],[0.99984918 0.01736707],[ 0.99896236 -0.04554342],[ 0.99787594 -0.065143  ],[ 0.99896198 -0.04555165],[0.99948582 0.03206387],[0.9999698  0.00777211],[ 0.99991541 -0.01300662],[0.99998191 0.00601561],[ 0.99788511 -0.06500233],[0.99990069 0.01409294],[0.99976978 0.02145665],[0.99960131 0.02823528],[0.99891824 0.04650114],[0.99976423 0.02171392],[ 1. -0.],[ 9.99999974e-01 -2.28460816e-04],[ 0.9961055  -0.08816938],[ 0.99837451 -0.05699423],[0.99830962 0.05811979],[0.99999199 0.00400125],[0.99863981 0.05213956],[ 0.99874397 -0.05010475],[0.99973954 0.02282222],[0.99880505 0.04887191],[ 0.99995124 -0.00987484],[0.99977772 0.02108359],[0.99985614 0.01696178],[ 0.99999405 -0.00344989],[ 0.99856206 -0.05360795],[0.99942288 0.03396907],[ 0.99987014 -0.01611511],[0.99992644 0.0121293 ],[ 0.99984669 -0.01751013],[ 0.99899228 -0.04488236],[9.99999852e-01 5.44890145e-04],[ 1. -0.],[ 1. -0.],[ 0.99947033 -0.03254312],[ 0.99995721 -0.00925066],[ 1. -0.],[ 0.99958165 -0.02892284],[0.99968925 0.02492813],[0.99675705 0.08046972],[0.99993207 0.01165601],[ 0.9981662  -0.06053294],[ 1. -0.],[ 0.99926393 -0.03836138],[ 0.99842452 -0.05611136],[ 0.99930564 -0.03725917],[ 0.99998195 -0.00600806],[0.99943214 0.03369561],[0.99973872 0.02285822],[0.99988029 0.01547253],[0.99977485 0.02121928],[ 0.99986523 -0.01641702],[ 0.99956377 -0.02953405],[ 0.99962514 -0.02737846],[ 0.99997788 -0.00665054],[0.99854998 0.05383247],[0.99833105 0.05775041],[0.99922071 0.03947116],[ 0.99942115 -0.03402015],[0.99862029 0.05251208],[ 1. -0.],[0.99780846 0.06616848],[1. 0.],[0.99769783 0.06781623],[0.99939233 0.03485643],[ 0.9997594  -0.02193486],[0.99798986 0.06337377],[0.9978782  0.06510831],[ 0.99958033 -0.02896837],[0.99940357 0.03453262],[ 0.99997782 -0.00666087],[0.99703721 0.07692079],[0.99997865 0.00653418],[0.99936374 0.03566675],[ 0.99973336 -0.02309122],[ 0.99962829 -0.0272633 ],[0.9972754  0.07376843],[ 0.99685782 -0.07921162],[0.99939245 0.03485294],[0.99998862 0.00476995]
[0.99911097 0.04215777],[ 0.99992013 -0.01263845],[ 0.99990625 -0.01369259],[0.99858456 0.05318719],[0.9965377  0.08314206],[0.99998822 0.00485294],[ 0.99987307 -0.01593268],[ 0.99990758 -0.01359547],[0.99980848 0.01957024],[0.99911345 0.04209888],[ 0.99953744 -0.03041212],[ 0.99996184 -0.00873638],[ 0.99990648 -0.0136758 ],[ 0.99990601 -0.01371002],[ 0.99987341 -0.01591134],[ 0.99993284 -0.01158947],[ 0.99999211 -0.00397311],[ 0.99990656 -0.01367004],[0.99995615 0.00936449],[ 0.9996571  -0.02618543],[0.99939084 0.03489923],[0.99999443 0.00333836],[0.99977662 0.02113543],[0.99995491 0.00949634],[0.99982619 0.0186437 ],[ 0.9998976  -0.01431041],[0.99992833 0.01197237],[0.99994295 0.01068175],[ 0.99987272 -0.01595465],[ 0.99982906 -0.01848932],[0.99986145 0.01664578],[0.99823634 0.0593651 ],[0.99954027 0.03031903],[0.99792919 0.06432212],[ 0.99881108 -0.04874864],[0.9993968  0.03472795],[ 0.99998941 -0.00460302],[0.99996063 0.00887386],[0.99792793 0.0643417 ],[ 0.99999121 -0.00419166],[ 0.99843568 -0.05591235],[ 0.9999751  -0.00705757],[0.99753109 0.07022625],[ 0.9999966  -0.00260773],[0.99896274 0.04553516],[ 0.99999108 -0.0042249 ],[ 0.99999528 -0.0030717 ],[ 0.99720621 -0.0746979 ],[0.99999442 0.00334077],[0.9979272  0.06435296],[ 0.99982816 -0.01853803],[0.9979296  0.06431575],[ 0.99998995 -0.00448318],[0.99954805 0.03006145],[ 0.99991162 -0.01329511],[ 0.99947213 -0.03248799],[ 0.99833036 -0.05776238],[0.9985829  0.05321831],[ 0.99999677 -0.00254271],[ 0.9999953  -0.00306465],[ 0.99999677 -0.00254027],[ 0.99697267 -0.07775278],[ 0.9969343 -0.0782432],[ 0.99999728 -0.00233286],[0.99982011 0.01896695],[0.99857255 0.05341227],[0.99914002 0.04146355],[ 0.99684736 -0.07934324],[0.99948223 0.03217564],[0.99941858 0.03409537],[ 0.99717631 -0.07509597],[0.99950839 0.03135261],[0.99863493 0.05223282],[0.99950577 0.03143602],[0.99996112 0.00881787],[ 0.9981922  -0.06010267],[0.99988525 0.015149  ],[ 0.99880549 -0.04886299],[ 0.99832969 -0.0577739 ],[ 0.99880129 -0.04894873],[0.99960661 0.02804679],[0.99999399 0.00346751],[ 0.99985237 -0.01718226],[0.99999388 0.00349784],[ 0.99833682 -0.05765065],[0.99996053 0.00888513],[0.99973196 0.02315194],[0.99950856 0.03134705],[0.99915426 0.04111898],[0.99986486 0.01643968],[ 1. -0.],[0.99999327 0.00366798],[ 0.99695416 -0.07798973],[ 0.99881137 -0.04874269],[0.99885939 0.04774844],[0.99999439 0.00334823],[0.99894367 0.04595153],[ 0.9985684  -0.05348978],[0.9998494  0.01735419],[0.99907697 0.04295589],[ 0.9999596  -0.00898916],[0.99987019 0.01611196],[0.99993942 0.01100721],[1.00000000e+00 1.28099888e-05],[ 0.99885323 -0.04787713],[0.99962314 0.0274515 ],[ 0.99992675 -0.01210326],[0.9999339  0.01149743],[ 0.99971192 -0.02400151],[ 0.99937691 -0.03529576],[0.99999131 0.00416782],[ 1. -0.],[ 1. -0.],[ 0.99970729 -0.02419372],[ 0.99999119 -0.00419877],[ 1. -0.],[ 0.99969745 -0.02459694],[0.99974488 0.0225871 ],[0.99800172 0.0631867 ],[0.99997377 0.00724291],[ 0.99854271 -0.05396724],[ 1. -0.],[ 0.99934361 -0.03622648],[ 0.99819963 -0.05997913],[ 0.99950147 -0.03157228],[0.99992615 0.01215311],[0.99962748 0.02729274],[0.99982022 0.01896135],[0.99989125 0.01474726],[0.99971347 0.0239369 ],[ 0.99991218 -0.01325259],[ 0.99957966 -0.02899152],[ 0.99966707 -0.0258022 ],[0.99993102 0.01174567],[0.99913426 0.04160203],[0.99901673 0.04433488],[0.99957565 0.02912952],[ 0.99952091 -0.03095075],[0.99925866 0.03849853],[ 1. -0.],[0.99847507 0.05520449],[1. 0.],[0.99839286 0.0566718 ],[0.99960165 0.02822321],[ 0.99987306 -0.01593297],[0.99849409 0.0548593 ],[0.99838965 0.05672829],[ 0.99952826 -0.03071236],[0.99960443 0.02812458],[ 0.99997404 -0.00720596],[0.99783918 0.06570364],[0.99998502 0.00547312],[0.99957939 0.02900059],[ 0.99979771 -0.02011325],[ 0.99976825 -0.02152797],[0.99810974 0.0614568 ],[ 0.99786238 -0.06535033],[0.9996366  0.02695676],[0.99995589 0.00939197]
